file,frequency,language,competence,source,target
EN_1_100.head.txt,4.7619047619,EN,learner,4.7619047619,3.8461538462
EN_1_102.head.txt,14.2857142857,EN,learner,14.2857142857,14.2857142857
EN_1_106.head.txt,0,EN,learner,0,0
EN_1_114.head.txt,11.7647058824,EN,learner,11.7647058824,0
EN_1_116.head.txt,8.3333333333,EN,learner,8.3333333333,0
EN_1_120.head.txt,5.2631578947,EN,learner,5.2631578947,0
EN_1_122.head.txt,25,EN,learner,25,0
EN_1_123.head.txt,0,EN,learner,0,0
EN_1_124.head.txt,6.25,EN,learner,6.25,5.2631578947
EN_1_126.head.txt,7.1428571429,EN,learner,7.1428571429,23.0769230769
EN_1_127.head.txt,20,EN,learner,20,9.0909090909
EN_1_128.head.txt,0,EN,learner,0,0
EN_1_129.head.txt,5.2631578947,EN,learner,5.2631578947,5.2631578947
EN_1_130.head.txt,0,EN,learner,0,3.8461538462
EN_1_132.head.txt,4.347826087,EN,learner,4.347826087,0
EN_1_133.head.txt,0,EN,learner,0,0
EN_1_134.head.txt,0,EN,learner,0,0
EN_1_136.head.txt,3.4482758621,EN,learner,3.4482758621,3.4482758621
EN_1_137.head.txt,0.8771929825,EN,learner,0.8771929825,0.350877193
EN_1_139.head.txt,2.5906735751,EN,learner,2.5906735751,2.4509803922
EN_1_143.head.txt,8.3333333333,EN,learner,8.3333333333,0
EN_1_144.head.txt,0,EN,learner,0,12.5
EN_1_145.head.txt,0,EN,learner,0,0
EN_1_146.head.txt,6.25,EN,learner,6.25,11.7647058824
EN_1_147.head.txt,1.9498607242,EN,learner,1.9498607242,4.8387096774
EN_1_148.head.txt,0,EN,learner,0,0
EN_1_149.head.txt,0,EN,learner,0,0
EN_1_169.head.txt,5,EN,learner,5,11.7647058824
EN_1_170.head.txt,0,EN,learner,0,10.3448275862
EN_1_172.head.txt,0,EN,learner,0,5.2631578947
EN_1_174.head.txt,7.5,EN,learner,7.5,7.8947368421
EN_1_175.head.txt,6.4516129032,EN,learner,6.4516129032,15.625
EN_1_176.head.txt,6.3829787234,EN,learner,6.3829787234,0
EN_1_178.head.txt,7.6923076923,EN,learner,7.6923076923,2.3255813953
EN_1_179.head.txt,1.6949152542,EN,learner,1.6949152542,1.6393442623
EN_1_180.head.txt,7.5757575758,EN,learner,7.5757575758,4.6153846154
EN_1_182.head.txt,11.7647058824,EN,learner,11.7647058824,4.1666666667
EN_1_184.head.txt,16,EN,learner,16,0
EN_1_185.head.txt,23.0769230769,EN,learner,23.0769230769,9.0909090909
EN_1_19.head.txt,3.8461538462,EN,learner,3.8461538462,0
EN_1_193.head.txt,0,EN,learner,0,0
EN_1_194.head.txt,0,EN,learner,0,0
EN_1_196.head.txt,2.8571428571,EN,learner,2.8571428571,0
EN_1_2.head.txt,7.6923076923,EN,learner,7.6923076923,5.1282051282
EN_1_200.head.txt,0,EN,learner,0,0
EN_1_203.head.txt,7.6923076923,EN,learner,7.6923076923,24
EN_1_204.head.txt,9.5238095238,EN,learner,9.5238095238,5
EN_1_205.head.txt,4.5454545455,EN,learner,4.5454545455,0
EN_1_206.head.txt,13.0434782609,EN,learner,13.0434782609,0
EN_1_207.head.txt,0,EN,learner,0,3.5714285714
EN_1_208.head.txt,0,EN,learner,0,0
EN_1_209.head.txt,4.347826087,EN,learner,4.347826087,5.2631578947
EN_1_210.head.txt,4,EN,learner,4,4.1666666667
EN_1_212.head.txt,0,EN,learner,0,12.5
EN_1_22.head.txt,7.3170731707,EN,learner,7.3170731707,5.2631578947
EN_1_228.head.txt,0,EN,learner,0,0
EN_1_23.head.txt,14.8936170213,EN,learner,14.8936170213,12.5
EN_1_233.head.txt,0,EN,learner,0,6.25
EN_1_235.head.txt,11.7647058824,EN,learner,11.7647058824,10
EN_1_237.head.txt,0,EN,learner,0,16.6666666667
EN_1_24.head.txt,15.625,EN,learner,15.625,3.2258064516
EN_1_240.head.txt,26.6666666667,EN,learner,26.6666666667,5
EN_1_242.head.txt,0,EN,learner,0,0
EN_1_243.head.txt,7.4285714286,EN,learner,7.4285714286,3.3519553073
EN_1_244.head.txt,0,EN,learner,0,4.347826087
EN_1_245.head.txt,10.5263157895,EN,learner,10.5263157895,15
EN_1_246.head.txt,33.3333333333,EN,learner,33.3333333333,6.6666666667
EN_1_247.head.txt,0,EN,learner,0,8.6956521739
EN_1_248.head.txt,22.2222222222,EN,learner,22.2222222222,28
EN_1_25.head.txt,4.6511627907,EN,learner,4.6511627907,8.5106382979
EN_1_26.head.txt,13.3333333333,EN,learner,13.3333333333,13.3333333333
EN_1_260.head.txt,3.3333333333,EN,learner,3.3333333333,0
EN_1_262.head.txt,5.8823529412,EN,learner,5.8823529412,0
EN_1_263.head.txt,10,EN,learner,10,0
EN_1_264.head.txt,10.5263157895,EN,learner,10.5263157895,5.2631578947
EN_1_265.head.txt,7.6923076923,EN,learner,7.6923076923,4.1666666667
EN_1_266.head.txt,6.6666666667,EN,learner,6.6666666667,6.6666666667
EN_1_270.head.txt,0,EN,learner,0,0
EN_1_273.head.txt,8.1967213115,EN,learner,8.1967213115,3.7037037037
EN_1_274.head.txt,0,EN,learner,0,0
EN_1_28.head.txt,15.3846153846,EN,learner,15.3846153846,7.1428571429
EN_1_283.head.txt,2.2727272727,EN,learner,2.2727272727,0
EN_1_286.head.txt,0,EN,learner,0,0
EN_1_288.head.txt,0,EN,learner,0,0
EN_1_289.head.txt,13.6363636364,EN,learner,13.6363636364,13.6363636364
EN_1_29.head.txt,0,EN,learner,0,0
EN_1_290.head.txt,3.3333333333,EN,learner,3.3333333333,0
EN_1_292.head.txt,0,EN,learner,0,0
EN_1_293.head.txt,0,EN,learner,0,4.5454545455
EN_1_294.head.txt,12.8205128205,EN,learner,12.8205128205,7.5
EN_1_295.head.txt,3.9215686275,EN,learner,3.9215686275,0
EN_1_296.head.txt,0,EN,learner,0,0
EN_1_297.head.txt,11.7647058824,EN,learner,11.7647058824,5
EN_1_298.head.txt,7.3170731707,EN,learner,7.3170731707,0
EN_1_299.head.txt,0,EN,learner,0,6.25
EN_1_3.head.txt,2.5,EN,learner,2.5,2.4390243902
EN_1_300.head.txt,0,EN,learner,0,0
EN_1_302.head.txt,5.5555555556,EN,learner,5.5555555556,17.6470588235
EN_1_303.head.txt,0,EN,learner,0,0
EN_1_304.head.txt,9.5238095238,EN,learner,9.5238095238,0
EN_1_305.head.txt,0,EN,learner,0,0
EN_1_306.head.txt,7.6923076923,EN,learner,7.6923076923,0
EN_1_307.head.txt,0,EN,learner,0,0
EN_1_309.head.txt,16.6666666667,EN,learner,16.6666666667,0
EN_1_312.head.txt,1.9607843137,EN,learner,1.9607843137,5.5555555556
EN_1_313.head.txt,0,EN,learner,0,0
EN_1_314.head.txt,2.9411764706,EN,learner,2.9411764706,0
EN_1_315.head.txt,2.6315789474,EN,learner,2.6315789474,2.4390243902
EN_1_316.head.txt,11.5384615385,EN,learner,11.5384615385,0
EN_1_317.head.txt,4.7619047619,EN,learner,4.7619047619,0
EN_1_36.head.txt,9.0909090909,EN,learner,9.0909090909,7.1428571429
EN_1_4.head.txt,19.0476190476,EN,learner,19.0476190476,9.0909090909
EN_1_40.head.txt,10.5263157895,EN,learner,10.5263157895,0
EN_1_42.head.txt,0,EN,learner,0,0
EN_1_43.head.txt,0,EN,learner,0,0
EN_1_44.head.txt,9.0909090909,EN,learner,9.0909090909,9.5238095238
EN_1_45.head.txt,0,EN,learner,0,0
EN_1_46.head.txt,1.4705882353,EN,learner,1.4705882353,2.9850746269
EN_1_47.head.txt,0,EN,learner,0,0
EN_1_48.head.txt,4.347826087,EN,learner,4.347826087,0
EN_1_49.head.txt,1.5625,EN,learner,1.5625,1.4925373134
EN_1_5.head.txt,4.1666666667,EN,learner,4.1666666667,2.1739130435
EN_1_50.head.txt,3.0303030303,EN,learner,3.0303030303,6.25
EN_1_52.head.txt,5.2631578947,EN,learner,5.2631578947,10.5263157895
EN_1_53.head.txt,0,EN,learner,0,0
EN_1_54.head.txt,0,EN,learner,0,0
EN_1_55.head.txt,0,EN,learner,0,0
EN_1_56.head.txt,0,EN,learner,0,0
EN_1_57.head.txt,0,EN,learner,0,0
EN_1_58.head.txt,6.976744186,EN,learner,6.976744186,4.6511627907
EN_1_59.head.txt,0,EN,learner,0,0
EN_1_6.head.txt,11.7647058824,EN,learner,11.7647058824,10.3448275862
EN_1_60.head.txt,10,EN,learner,10,0
EN_1_65.head.txt,0,EN,learner,0,0
EN_1_66.head.txt,6.2193126023,EN,learner,6.2193126023,5.9221658206
EN_1_67.head.txt,2.0979020979,EN,learner,2.0979020979,3.4722222222
EN_1_68.head.txt,2.0202020202,EN,learner,2.0202020202,2.0202020202
EN_1_69.head.txt,0,EN,learner,0,0
EN_1_7.head.txt,8.3333333333,EN,learner,8.3333333333,20
EN_1_75.head.txt,0,EN,learner,0,0
EN_1_76.head.txt,15,EN,learner,15,0
EN_1_79.head.txt,0,EN,learner,0,5.8823529412
EN_1_8.head.txt,6.6666666667,EN,learner,6.6666666667,0
EN_1_80.head.txt,13.3333333333,EN,learner,13.3333333333,0
EN_1_82.head.txt,16.6666666667,EN,learner,16.6666666667,7.6923076923
EN_1_83.head.txt,18.1818181818,EN,learner,18.1818181818,0
EN_1_84.head.txt,8.6956521739,EN,learner,8.6956521739,0
EN_1_85.head.txt,0,EN,learner,0,0
EN_1_86.head.txt,0,EN,learner,0,9.0909090909
EN_1_88.head.txt,1.4150943396,EN,learner,1.4150943396,0.9389671362
EN_1_89.head.txt,0,EN,learner,0,0
EN_1_90.head.txt,0,EN,learner,0,0
EN_1_92.head.txt,2.5210084034,EN,learner,2.5210084034,1.6949152542
EN_1_96.head.txt,12,EN,learner,12,0
EN_1_97.head.txt,0,EN,learner,0,0
EN_1_98.head.txt,0,EN,learner,0,0
EN_1_99.head.txt,2.1459227468,EN,learner,2.1459227468,2.1645021645
EN_2_7.head.txt,0,EN,learner,0,0
EN_3_10.head.txt,0,EN,learner,0,7.1428571429
EN_3_12.head.txt,0,EN,learner,0,0
EN_3_13.head.txt,0,EN,learner,0,0
EN_3_14.head.txt,15.3846153846,EN,learner,15.3846153846,0
EN_3_15.head.txt,4.4303797468,EN,learner,4.4303797468,9.5238095238
EN_3_2.head.txt,0,EN,learner,0,8.3333333333
EN_3_4.head.txt,4,EN,learner,4,4.1666666667
EN_3_5.head.txt,0,EN,learner,0,0
EN_3_6.head.txt,7.6923076923,EN,learner,7.6923076923,3.8461538462
EN_3_7.head.txt,0,EN,learner,0,0
EN_3_8.head.txt,8.3333333333,EN,learner,8.3333333333,9.0909090909
EN_3_9.head.txt,0,EN,learner,0,9.0909090909
EN_4_16.head.txt,0,EN,learner,0,5
EN_4_17.head.txt,4.7619047619,EN,learner,4.7619047619,9.0909090909
EN_4_18.head.txt,0,EN,learner,0,0
EN_4_19.head.txt,0,EN,learner,0,0
EN_4_25.head.txt,8,EN,learner,8,8.6956521739
EN_4_26.head.txt,7.1428571429,EN,learner,7.1428571429,3.4482758621
EN_4_32.head.txt,7.1680376028,EN,learner,7.1680376028,8.5131894484
EN_4_33.head.txt,9.2592592593,EN,learner,9.2592592593,5.5555555556
EN_4_34.head.txt,1.8867924528,EN,learner,1.8867924528,0
EN_4_35.head.txt,5.8823529412,EN,learner,5.8823529412,3.0303030303
EN_4_36.head.txt,5.1282051282,EN,learner,5.1282051282,12.8205128205
EN_4_37.head.txt,3.1496062992,EN,learner,3.1496062992,3.8759689922
EN_4_38.head.txt,10,EN,learner,10,8.4745762712
EN_4_39.head.txt,4,EN,learner,4,3.9215686275
EN_4_40.head.txt,8.6560364465,EN,learner,8.6560364465,5.9360730594
EN_4_42.head.txt,12.1212121212,EN,learner,12.1212121212,9.375
EN_4_43.head.txt,0,EN,learner,0,0
EN_4_44.head.txt,14.8148148148,EN,learner,14.8148148148,14.8148148148
EN_4_45.head.txt,0,EN,learner,0,0
EN_4_47.head.txt,2.9850746269,EN,learner,2.9850746269,1.4705882353
EN_4_5.head.txt,10.5263157895,EN,learner,10.5263157895,0
EN_4_7.head.txt,0,EN,learner,0,5
EN_5_4.head.txt,0,EN,learner,0,0
EN_5_5.head.txt,6.8181818182,EN,learner,6.8181818182,2.2727272727
EN_5_6.head.txt,0,EN,learner,0,0
EN_5_9.head.txt,0,EN,learner,0,0
EN_6_10.head.txt,7.8651685393,EN,learner,7.8651685393,6.1224489796
EN_6_2.head.txt,0,EN,learner,0,0
EN_6_22.head.txt,0,EN,learner,0,0
EN_6_3.head.txt,4.347826087,EN,learner,4.347826087,4.7619047619
RU_1_100_1.head.txt,3.8461538462,RU,learner,,
RU_1_102_1.head.txt,14.2857142857,RU,learner,,
RU_1_106_1.head.txt,0,RU,learner,,
RU_1_114_1.head.txt,0,RU,learner,,
RU_1_116_1.head.txt,0,RU,learner,,
RU_1_120_1.head.txt,0,RU,learner,,
RU_1_122_1.head.txt,0,RU,learner,,
RU_1_123_1.head.txt,0,RU,learner,,
RU_1_124_1.head.txt,5.2631578947,RU,learner,,
RU_1_126_1.head.txt,23.0769230769,RU,learner,,
RU_1_127_1.head.txt,9.0909090909,RU,learner,,
RU_1_128_1.head.txt,0,RU,learner,,
RU_1_129_1.head.txt,5.2631578947,RU,learner,,
RU_1_130_1.head.txt,3.8461538462,RU,learner,,
RU_1_132_1.head.txt,0,RU,learner,,
RU_1_133_1.head.txt,0,RU,learner,,
RU_1_134_1.head.txt,0,RU,learner,,
RU_1_136_1.head.txt,3.4482758621,RU,learner,,
RU_1_137_1.head.txt,0.350877193,RU,learner,,
RU_1_139_1.head.txt,2.4509803922,RU,learner,,
RU_1_143_1.head.txt,0,RU,learner,,
RU_1_144_1.head.txt,12.5,RU,learner,,
RU_1_145_1.head.txt,0,RU,learner,,
RU_1_146_1.head.txt,11.7647058824,RU,learner,,
RU_1_147_1.head.txt,4.8387096774,RU,learner,,
RU_1_148_1.head.txt,0,RU,learner,,
RU_1_149_1.head.txt,0,RU,learner,,
RU_1_169_1.head.txt,11.7647058824,RU,learner,,
RU_1_170_1.head.txt,10.3448275862,RU,learner,,
RU_1_172_1.head.txt,5.2631578947,RU,learner,,
RU_1_174_1.head.txt,7.8947368421,RU,learner,,
RU_1_175_1.head.txt,15.625,RU,learner,,
RU_1_176_1.head.txt,0,RU,learner,,
RU_1_178_1.head.txt,2.3255813953,RU,learner,,
RU_1_179_1.head.txt,1.6393442623,RU,learner,,
RU_1_180_1.head.txt,4.6153846154,RU,learner,,
RU_1_182_1.head.txt,4.1666666667,RU,learner,,
RU_1_184_1.head.txt,0,RU,learner,,
RU_1_185_1.head.txt,9.0909090909,RU,learner,,
RU_1_19_1.head.txt,0,RU,learner,,
RU_1_193_1.head.txt,0,RU,learner,,
RU_1_194_1.head.txt,0,RU,learner,,
RU_1_196_1.head.txt,0,RU,learner,,
RU_1_2_1.head.txt,5.1282051282,RU,learner,,
RU_1_200_1.head.txt,0,RU,learner,,
RU_1_203_1.head.txt,24,RU,learner,,
RU_1_204_1.head.txt,5,RU,learner,,
RU_1_205_1.head.txt,0,RU,learner,,
RU_1_206_1.head.txt,0,RU,learner,,
RU_1_207_1.head.txt,3.5714285714,RU,learner,,
RU_1_208_1.head.txt,0,RU,learner,,
RU_1_209_1.head.txt,5.2631578947,RU,learner,,
RU_1_210_1.head.txt,4.1666666667,RU,learner,,
RU_1_212_1.head.txt,12.5,RU,learner,,
RU_1_22_1.head.txt,5.2631578947,RU,learner,,
RU_1_228_1.head.txt,0,RU,learner,,
RU_1_23_1.head.txt,12.5,RU,learner,,
RU_1_233_1.head.txt,6.25,RU,learner,,
RU_1_235_1.head.txt,10,RU,learner,,
RU_1_237_1.head.txt,16.6666666667,RU,learner,,
RU_1_24_1.head.txt,3.2258064516,RU,learner,,
RU_1_240_1.head.txt,5,RU,learner,,
RU_1_242_1.head.txt,0,RU,learner,,
RU_1_243_1.head.txt,3.3519553073,RU,learner,,
RU_1_244_1.head.txt,4.347826087,RU,learner,,
RU_1_245_1.head.txt,15,RU,learner,,
RU_1_246_1.head.txt,6.6666666667,RU,learner,,
RU_1_247_1.head.txt,8.6956521739,RU,learner,,
RU_1_248_1.head.txt,28,RU,learner,,
RU_1_25_1.head.txt,8.5106382979,RU,learner,,
RU_1_26_1.head.txt,13.3333333333,RU,learner,,
RU_1_260_1.head.txt,0,RU,learner,,
RU_1_262_1.head.txt,0,RU,learner,,
RU_1_263_1.head.txt,0,RU,learner,,
RU_1_264_1.head.txt,5.2631578947,RU,learner,,
RU_1_265_1.head.txt,4.1666666667,RU,learner,,
RU_1_266_1.head.txt,6.6666666667,RU,learner,,
RU_1_270_1.head.txt,0,RU,learner,,
RU_1_273_1.head.txt,3.7037037037,RU,learner,,
RU_1_274_1.head.txt,0,RU,learner,,
RU_1_28_1.head.txt,7.1428571429,RU,learner,,
RU_1_283_1.head.txt,0,RU,learner,,
RU_1_286_1.head.txt,0,RU,learner,,
RU_1_288_1.head.txt,0,RU,learner,,
RU_1_289_1.head.txt,13.6363636364,RU,learner,,
RU_1_29_1.head.txt,0,RU,learner,,
RU_1_290_1.head.txt,0,RU,learner,,
RU_1_292_1.head.txt,0,RU,learner,,
RU_1_293_1.head.txt,4.5454545455,RU,learner,,
RU_1_294_1.head.txt,7.5,RU,learner,,
RU_1_295_1.head.txt,0,RU,learner,,
RU_1_296_1.head.txt,0,RU,learner,,
RU_1_297_1.head.txt,5,RU,learner,,
RU_1_298_1.head.txt,0,RU,learner,,
RU_1_299_1.head.txt,6.25,RU,learner,,
RU_1_3_1.head.txt,2.4390243902,RU,learner,,
RU_1_300_1.head.txt,0,RU,learner,,
RU_1_302_1.head.txt,17.6470588235,RU,learner,,
RU_1_303_1.head.txt,0,RU,learner,,
RU_1_304_1.head.txt,0,RU,learner,,
RU_1_305_1.head.txt,0,RU,learner,,
RU_1_306_1.head.txt,0,RU,learner,,
RU_1_307_1.head.txt,0,RU,learner,,
RU_1_309_1.head.txt,0,RU,learner,,
RU_1_312_1.head.txt,5.5555555556,RU,learner,,
RU_1_313_1.head.txt,0,RU,learner,,
RU_1_314_1.head.txt,0,RU,learner,,
RU_1_315_1.head.txt,2.4390243902,RU,learner,,
RU_1_316_1.head.txt,0,RU,learner,,
RU_1_317_1.head.txt,0,RU,learner,,
RU_1_36_1.head.txt,7.1428571429,RU,learner,,
RU_1_4_1.head.txt,9.0909090909,RU,learner,,
RU_1_40_1.head.txt,0,RU,learner,,
RU_1_42_1.head.txt,0,RU,learner,,
RU_1_43_1.head.txt,0,RU,learner,,
RU_1_44_1.head.txt,9.5238095238,RU,learner,,
RU_1_45_1.head.txt,0,RU,learner,,
RU_1_46_1.head.txt,2.9850746269,RU,learner,,
RU_1_47_1.head.txt,0,RU,learner,,
RU_1_48_1.head.txt,0,RU,learner,,
RU_1_49_1.head.txt,1.4925373134,RU,learner,,
RU_1_5_1.head.txt,2.1739130435,RU,learner,,
RU_1_50_1.head.txt,6.25,RU,learner,,
RU_1_52_1.head.txt,10.5263157895,RU,learner,,
RU_1_53_1.head.txt,0,RU,learner,,
RU_1_54_1.head.txt,0,RU,learner,,
RU_1_55_1.head.txt,0,RU,learner,,
RU_1_56_1.head.txt,0,RU,learner,,
RU_1_57_1.head.txt,0,RU,learner,,
RU_1_58_1.head.txt,4.6511627907,RU,learner,,
RU_1_59_1.head.txt,0,RU,learner,,
RU_1_6_1.head.txt,10.3448275862,RU,learner,,
RU_1_60_1.head.txt,0,RU,learner,,
RU_1_65_1.head.txt,0,RU,learner,,
RU_1_66_1.head.txt,5.9221658206,RU,learner,,
RU_1_67_1.head.txt,3.4722222222,RU,learner,,
RU_1_68_1.head.txt,2.0202020202,RU,learner,,
RU_1_69_1.head.txt,0,RU,learner,,
RU_1_7_1.head.txt,20,RU,learner,,
RU_1_75_1.head.txt,0,RU,learner,,
RU_1_76_1.head.txt,0,RU,learner,,
RU_1_79_1.head.txt,5.8823529412,RU,learner,,
RU_1_8_1.head.txt,0,RU,learner,,
RU_1_80_1.head.txt,0,RU,learner,,
RU_1_82_1.head.txt,7.6923076923,RU,learner,,
RU_1_83_1.head.txt,0,RU,learner,,
RU_1_84_1.head.txt,0,RU,learner,,
RU_1_85_1.head.txt,0,RU,learner,,
RU_1_86_1.head.txt,9.0909090909,RU,learner,,
RU_1_88_1.head.txt,0.9389671362,RU,learner,,
RU_1_89_1.head.txt,0,RU,learner,,
RU_1_90_1.head.txt,0,RU,learner,,
RU_1_92_1.head.txt,1.6949152542,RU,learner,,
RU_1_96_1.head.txt,0,RU,learner,,
RU_1_97_1.head.txt,0,RU,learner,,
RU_1_98_1.head.txt,0,RU,learner,,
RU_1_99_1.head.txt,2.1645021645,RU,learner,,
RU_2_7_1.head.txt,0,RU,learner,,
RU_3_10_1.head.txt,7.1428571429,RU,learner,,
RU_3_12_1.head.txt,0,RU,learner,,
RU_3_13_1.head.txt,0,RU,learner,,
RU_3_14_1.head.txt,0,RU,learner,,
RU_3_15_1.head.txt,9.5238095238,RU,learner,,
RU_3_2_1.head.txt,8.3333333333,RU,learner,,
RU_3_4_1.head.txt,4.1666666667,RU,learner,,
RU_3_5_1.head.txt,0,RU,learner,,
RU_3_6_1.head.txt,3.8461538462,RU,learner,,
RU_3_7_1.head.txt,0,RU,learner,,
RU_3_8_1.head.txt,9.0909090909,RU,learner,,
RU_3_9_1.head.txt,9.0909090909,RU,learner,,
RU_4_16_1.head.txt,5,RU,learner,,
RU_4_17_1.head.txt,9.0909090909,RU,learner,,
RU_4_18_1.head.txt,0,RU,learner,,
RU_4_19_1.head.txt,0,RU,learner,,
RU_4_25_1.head.txt,8.6956521739,RU,learner,,
RU_4_26_1.head.txt,3.4482758621,RU,learner,,
RU_4_32_1.head.txt,8.5131894484,RU,learner,,
RU_4_33_1.head.txt,5.5555555556,RU,learner,,
RU_4_34_1.head.txt,0,RU,learner,,
RU_4_35_1.head.txt,3.0303030303,RU,learner,,
RU_4_36_1.head.txt,12.8205128205,RU,learner,,
RU_4_37_1.head.txt,3.8759689922,RU,learner,,
RU_4_38_1.head.txt,8.4745762712,RU,learner,,
RU_4_39_1.head.txt,3.9215686275,RU,learner,,
RU_4_40_1.head.txt,5.9360730594,RU,learner,,
RU_4_42_1.head.txt,9.375,RU,learner,,
RU_4_43_1.head.txt,0,RU,learner,,
RU_4_44_1.head.txt,14.8148148148,RU,learner,,
RU_4_45_1.head.txt,0,RU,learner,,
RU_4_47_1.head.txt,1.4705882353,RU,learner,,
RU_4_5_1.head.txt,0,RU,learner,,
RU_4_7_1.head.txt,5,RU,learner,,
RU_5_4_1.head.txt,0,RU,learner,,
RU_5_5_1.head.txt,2.2727272727,RU,learner,,
RU_5_6_1.head.txt,0,RU,learner,,
RU_5_9_1.head.txt,0,RU,learner,,
RU_6_10_1.head.txt,6.1224489796,RU,learner,,
RU_6_2_1.head.txt,0,RU,learner,,
RU_6_22_1.head.txt,0,RU,learner,,
RU_6_3_1.head.txt,4.7619047619,RU,learner,,
en_01.txt,8.1081081081,EN,professional,8.1081081081,0
en_010.txt,5.8823529412,EN,professional,5.8823529412,4.8780487805
en_0100.txt,9.8360655738,EN,professional,9.8360655738,5.6338028169
en_0101.txt,5.8139534884,EN,professional,5.8139534884,2.9126213592
en_0102.txt,2.7777777778,EN,professional,2.7777777778,7.8947368421
en_011.txt,9.0909090909,EN,professional,9.0909090909,14.2857142857
en_012.txt,11.6959064327,EN,professional,11.6959064327,4.7619047619
en_013.txt,3.9473684211,EN,professional,3.9473684211,1.3513513514
en_014.txt,10,EN,professional,10,5
en_015.txt,3.0303030303,EN,professional,3.0303030303,4.6153846154
en_016.txt,11.0091743119,EN,professional,11.0091743119,7.2727272727
en_017.txt,2.2222222222,EN,professional,2.2222222222,2.0408163265
en_018.txt,0,EN,professional,0,0
en_019.txt,5.6910569106,EN,professional,5.6910569106,2.4590163934
en_02.txt,23.0769230769,EN,professional,23.0769230769,8.6956521739
en_020.txt,19.801980198,EN,professional,19.801980198,9.8039215686
en_021.txt,12.3595505618,EN,professional,12.3595505618,7.6086956522
en_022.txt,4.8442906574,EN,professional,4.8442906574,2.2875816993
en_023.txt,2.538071066,EN,professional,2.538071066,1.0309278351
en_024.txt,4,EN,professional,4,5.8823529412
en_025.txt,0,EN,professional,0,2.7027027027
en_026.txt,0,EN,professional,0,3.0303030303
en_027.txt,4.8780487805,EN,professional,4.8780487805,0
en_028.txt,5,EN,professional,5,6.5217391304
en_029.txt,12.1212121212,EN,professional,12.1212121212,4.4117647059
en_03.txt,6.1224489796,EN,professional,6.1224489796,7.1428571429
en_030.txt,1.2195121951,EN,professional,1.2195121951,1.2987012987
en_031.txt,0,EN,professional,0,0
en_032.txt,4.6511627907,EN,professional,4.6511627907,2.2727272727
en_033.txt,4.4444444444,EN,professional,4.4444444444,4.347826087
en_034.txt,3.125,EN,professional,3.125,3.0303030303
en_035.txt,2.4390243902,EN,professional,2.4390243902,0
en_036.txt,7.8947368421,EN,professional,7.8947368421,8.5714285714
en_037.txt,4.1666666667,EN,professional,4.1666666667,2.4096385542
en_038.txt,3.2258064516,EN,professional,3.2258064516,0
en_039.txt,3.0303030303,EN,professional,3.0303030303,3.0303030303
en_04.txt,6.0606060606,EN,professional,6.0606060606,4.7619047619
en_040.txt,12.5,EN,professional,12.5,2.7027027027
en_041.txt,9.7222222222,EN,professional,9.7222222222,4.9295774648
en_042.txt,2.2727272727,EN,professional,2.2727272727,2.6315789474
en_043.txt,8.1481481481,EN,professional,8.1481481481,3.7593984962
en_044.txt,5.8823529412,EN,professional,5.8823529412,5.4054054054
en_045.txt,7.9365079365,EN,professional,7.9365079365,2.8571428571
en_046.txt,6.25,EN,professional,6.25,2.0833333333
en_047.txt,4.1666666667,EN,professional,4.1666666667,5.376344086
en_048.txt,8.8888888889,EN,professional,8.8888888889,3.9215686275
en_049.txt,8.5106382979,EN,professional,8.5106382979,4.1666666667
en_05.txt,3.8759689922,EN,professional,3.8759689922,2.2222222222
en_050.txt,4.5454545455,EN,professional,4.5454545455,2.9850746269
en_051.txt,16.6666666667,EN,professional,16.6666666667,16.1290322581
en_052.txt,0,EN,professional,0,0
en_053.txt,8.1481481481,EN,professional,8.1481481481,2.8776978417
en_054.txt,10.8527131783,EN,professional,10.8527131783,3.3707865169
en_055.txt,7.6923076923,EN,professional,7.6923076923,0
en_056.txt,8.3333333333,EN,professional,8.3333333333,2.9411764706
en_057.txt,3.6697247706,EN,professional,3.6697247706,3.4782608696
en_058.txt,14.9425287356,EN,professional,14.9425287356,10.5263157895
en_059.txt,13.7254901961,EN,professional,13.7254901961,1.9607843137
en_060.txt,0,EN,professional,0,2.2222222222
en_061.txt,8.6956521739,EN,professional,8.6956521739,2.2727272727
en_062.txt,2.3255813953,EN,professional,2.3255813953,4.5454545455
en_063.txt,6.0975609756,EN,professional,6.0975609756,3.7974683544
en_064.txt,0,EN,professional,0,0
en_065.txt,0,EN,professional,0,1.3157894737
en_066.txt,1.1627906977,EN,professional,1.1627906977,0
en_067.txt,24.2424242424,EN,professional,24.2424242424,10.447761194
en_068.txt,1.4925373134,EN,professional,1.4925373134,1.4184397163
en_069.txt,2.7777777778,EN,professional,2.7777777778,2.9411764706
en_070.txt,6,EN,professional,6,10.6382978723
en_071.txt,4.0816326531,EN,professional,4.0816326531,5.8823529412
en_072.txt,5.2325581395,EN,professional,5.2325581395,2.3529411765
en_073.txt,4.8780487805,EN,professional,4.8780487805,9.6385542169
en_074.txt,14.7540983607,EN,professional,14.7540983607,5.8823529412
en_075.txt,15.1515151515,EN,professional,15.1515151515,5.9701492537
en_076.txt,9.6774193548,EN,professional,9.6774193548,8.0808080808
en_077.txt,4.6153846154,EN,professional,4.6153846154,3.0303030303
en_078.txt,22.641509434,EN,professional,22.641509434,3.8461538462
en_079.txt,5.3333333333,EN,professional,5.3333333333,3.75
en_08.txt,4.5454545455,EN,professional,4.5454545455,4
en_080.txt,17.1052631579,EN,professional,17.1052631579,3.7974683544
en_081.txt,0,EN,professional,0,0
en_082.txt,2.6315789474,EN,professional,2.6315789474,0
en_083.txt,1.1494252874,EN,professional,1.1494252874,0
en_084.txt,11.9047619048,EN,professional,11.9047619048,10.5882352941
en_085.txt,8.8235294118,EN,professional,8.8235294118,1.4285714286
en_086.txt,2.358490566,EN,professional,2.358490566,1.4150943396
en_087.txt,10.7594936709,EN,professional,10.7594936709,4.1916167665
en_088.txt,3.7878787879,EN,professional,3.7878787879,5.7142857143
en_089.txt,10,EN,professional,10,8.6956521739
en_09.txt,5.1282051282,EN,professional,5.1282051282,3.9215686275
en_090.txt,7.0422535211,EN,professional,7.0422535211,3.8461538462
en_091.txt,5.8823529412,EN,professional,5.8823529412,8.1081081081
en_092.txt,4.1666666667,EN,professional,4.1666666667,2
en_093.txt,12.7906976744,EN,professional,12.7906976744,4.8076923077
en_094.txt,10.2564102564,EN,professional,10.2564102564,7.5
en_095.txt,7.1684587814,EN,professional,7.1684587814,6.0931899642
en_096.txt,4.347826087,EN,professional,4.347826087,3.9215686275
en_097.txt,4.347826087,EN,professional,4.347826087,8.8888888889
en_098.txt,2.6666666667,EN,professional,2.6666666667,1.3157894737
en_099.txt,6.6666666667,EN,professional,6.6666666667,6.25
en_1.txt,2.1276595745,EN,professional,2.1276595745,3.8461538462
en_10.txt,7.2463768116,EN,professional,7.2463768116,1.5873015873
en_100.txt,5.4545454545,EN,professional,5.4545454545,3.0769230769
en_11.txt,1.1764705882,EN,professional,1.1764705882,0
en_12.txt,4.4776119403,EN,professional,4.4776119403,0
en_13.txt,2.5316455696,EN,professional,2.5316455696,0
en_14.txt,0,EN,professional,0,0
en_15.txt,5.2631578947,EN,professional,5.2631578947,1.2345679012
en_16.txt,9.2,EN,professional,9.2,2.9166666667
en_17.txt,2.0512820513,EN,professional,2.0512820513,2
en_18.txt,0,EN,professional,0,2.4390243902
en_19.txt,0,EN,professional,0,0
en_2.txt,6.9444444444,EN,professional,6.9444444444,4.8780487805
en_20.txt,25,EN,professional,25,2.7777777778
en_21.txt,0,EN,professional,0,1.4285714286
en_22.txt,0,EN,professional,0,7.4074074074
en_23.txt,6.0606060606,EN,professional,6.0606060606,8.8235294118
en_24.txt,3.5087719298,EN,professional,3.5087719298,3.2258064516
en_25.txt,4.5454545455,EN,professional,4.5454545455,8
en_26.txt,5.4545454545,EN,professional,5.4545454545,8.1967213115
en_27.txt,17.3076923077,EN,professional,17.3076923077,7.2463768116
en_28.txt,9.3425605536,EN,professional,9.3425605536,7.5409836066
en_29.txt,6.4705882353,EN,professional,6.4705882353,2.2471910112
en_3.txt,10.2040816327,EN,professional,10.2040816327,9.4339622642
en_30.txt,0,EN,professional,0,0
en_31.txt,1.2195121951,EN,professional,1.2195121951,1.0101010101
en_32.txt,5.5214723926,EN,professional,5.5214723926,3.5714285714
en_33.txt,2.3076923077,EN,professional,2.3076923077,0.7751937984
en_34.txt,7.8125,EN,professional,7.8125,7.8125
en_35.txt,2.6315789474,EN,professional,2.6315789474,2.2727272727
en_36.txt,2.4096385542,EN,professional,2.4096385542,2.1186440678
en_37.txt,8.6956521739,EN,professional,8.6956521739,5.4945054945
en_38.txt,9.6153846154,EN,professional,9.6153846154,11.7647058824
en_39.txt,5.3846153846,EN,professional,5.3846153846,6.5693430657
en_4.txt,10.2564102564,EN,professional,10.2564102564,2.5641025641
en_40.txt,2.7027027027,EN,professional,2.7027027027,0
en_41.txt,2.1505376344,EN,professional,2.1505376344,5.7471264368
en_42.txt,0,EN,professional,0,0
en_43.txt,6.1224489796,EN,professional,6.1224489796,2.0618556701
en_44.txt,5.7971014493,EN,professional,5.7971014493,2.8776978417
en_45.txt,1.8867924528,EN,professional,1.8867924528,0
en_46.txt,0,EN,professional,0,1.3333333333
en_47.txt,5.6603773585,EN,professional,5.6603773585,9.6153846154
en_48.txt,0,EN,professional,0,0
en_49.txt,2.4390243902,EN,professional,2.4390243902,2.2727272727
en_5.txt,0,EN,professional,0,3.2967032967
en_50.txt,0,EN,professional,0,11.1111111111
en_51.txt,1.7857142857,EN,professional,1.7857142857,1.9230769231
en_52.txt,5.8823529412,EN,professional,5.8823529412,2.8571428571
en_53.txt,2.0408163265,EN,professional,2.0408163265,2
en_54.txt,7.1428571429,EN,professional,7.1428571429,2.3255813953
en_55.txt,1.8518518519,EN,professional,1.8518518519,0
en_56.txt,0,EN,professional,0,6.7796610169
en_57.txt,9.0909090909,EN,professional,9.0909090909,9.5238095238
en_58.txt,4.5454545455,EN,professional,4.5454545455,11.3636363636
en_59.txt,2.8571428571,EN,professional,2.8571428571,0
en_6.txt,6.25,EN,professional,6.25,9.243697479
en_60.txt,2.2727272727,EN,professional,2.2727272727,2.2222222222
en_61.txt,2.5641025641,EN,professional,2.5641025641,10.2564102564
en_62.txt,0,EN,professional,0,0
en_63.txt,10.2040816327,EN,professional,10.2040816327,11.320754717
en_64.txt,14.2857142857,EN,professional,14.2857142857,11.4285714286
en_65.txt,1.5151515152,EN,professional,1.5151515152,1.4925373134
en_66.txt,6,EN,professional,6,12
en_67.txt,2.1739130435,EN,professional,2.1739130435,0
en_68.txt,2.6315789474,EN,professional,2.6315789474,1.4492753623
en_69.txt,10.1265822785,EN,professional,10.1265822785,3.9473684211
en_7.txt,17.8571428571,EN,professional,17.8571428571,1.4705882353
en_70.txt,8.1081081081,EN,professional,8.1081081081,10.5263157895
en_71.txt,18.4210526316,EN,professional,18.4210526316,21.6216216216
en_72.txt,8.2352941176,EN,professional,8.2352941176,5.4945054945
en_73.txt,7.4074074074,EN,professional,7.4074074074,3.6363636364
en_74.txt,1.9230769231,EN,professional,1.9230769231,1.8867924528
en_75.txt,6.8965517241,EN,professional,6.8965517241,3.8461538462
en_76.txt,3.7037037037,EN,professional,3.7037037037,3.5714285714
en_77.txt,11.1111111111,EN,professional,11.1111111111,17.2413793103
en_78.txt,0,EN,professional,0,4.347826087
en_79.txt,2.1052631579,EN,professional,2.1052631579,1.5706806283
en_8.txt,14.2857142857,EN,professional,14.2857142857,10.5263157895
en_80.txt,8.6956521739,EN,professional,8.6956521739,4.347826087
en_81.txt,21.4285714286,EN,professional,21.4285714286,9.0909090909
en_82.txt,0,EN,professional,0,3.5714285714
en_83.txt,0,EN,professional,0,2.0833333333
en_84.txt,5.5555555556,EN,professional,5.5555555556,2.8571428571
en_85.txt,0,EN,professional,0,0
en_86.txt,0,EN,professional,0,0
en_87.txt,0,EN,professional,0,0
en_88.txt,1.6129032258,EN,professional,1.6129032258,1.6393442623
en_89.txt,18.4210526316,EN,professional,18.4210526316,18.9189189189
en_9.txt,2,EN,professional,2,3.3333333333
en_90.txt,22.8571428571,EN,professional,22.8571428571,16.2162162162
en_91.txt,0,EN,professional,0,2.0408163265
en_92.txt,2.5641025641,EN,professional,2.5641025641,1.5789473684
en_93.txt,20,EN,professional,20,12.7272727273
en_94.txt,2.7027027027,EN,professional,2.7027027027,0
en_95.txt,0,EN,professional,0,0
en_96.txt,0,EN,professional,0,1.724137931
en_97.txt,0,EN,professional,0,5.4054054054
en_98.txt,5.9523809524,EN,professional,5.9523809524,8.3333333333
en_99.txt,1.4705882353,EN,professional,1.4705882353,1.5384615385
ru_01.txt,0,RU,professional,,
ru_010.txt,4.8780487805,RU,professional,,
ru_0100.txt,5.6338028169,RU,professional,,
ru_0101.txt,2.9126213592,RU,professional,,
ru_0102.txt,7.8947368421,RU,professional,,
ru_011.txt,14.2857142857,RU,professional,,
ru_012.txt,4.7619047619,RU,professional,,
ru_013.txt,1.3513513514,RU,professional,,
ru_014.txt,5,RU,professional,,
ru_015.txt,4.6153846154,RU,professional,,
ru_016.txt,7.2727272727,RU,professional,,
ru_017.txt,2.0408163265,RU,professional,,
ru_018.txt,0,RU,professional,,
ru_019.txt,2.4590163934,RU,professional,,
ru_02.txt,8.6956521739,RU,professional,,
ru_020.txt,9.8039215686,RU,professional,,
ru_021.txt,7.6086956522,RU,professional,,
ru_022.txt,2.2875816993,RU,professional,,
ru_023.txt,1.0309278351,RU,professional,,
ru_024.txt,5.8823529412,RU,professional,,
ru_025.txt,2.7027027027,RU,professional,,
ru_026.txt,3.0303030303,RU,professional,,
ru_027.txt,0,RU,professional,,
ru_028.txt,6.5217391304,RU,professional,,
ru_029.txt,4.4117647059,RU,professional,,
ru_03.txt,7.1428571429,RU,professional,,
ru_030.txt,1.2987012987,RU,professional,,
ru_031.txt,0,RU,professional,,
ru_032.txt,2.2727272727,RU,professional,,
ru_033.txt,4.347826087,RU,professional,,
ru_034.txt,3.0303030303,RU,professional,,
ru_035.txt,0,RU,professional,,
ru_036.txt,8.5714285714,RU,professional,,
ru_037.txt,2.4096385542,RU,professional,,
ru_038.txt,0,RU,professional,,
ru_039.txt,3.0303030303,RU,professional,,
ru_04.txt,4.7619047619,RU,professional,,
ru_040.txt,2.7027027027,RU,professional,,
ru_041.txt,4.9295774648,RU,professional,,
ru_042.txt,2.6315789474,RU,professional,,
ru_043.txt,3.7593984962,RU,professional,,
ru_044.txt,5.4054054054,RU,professional,,
ru_045.txt,2.8571428571,RU,professional,,
ru_046.txt,2.0833333333,RU,professional,,
ru_047.txt,5.376344086,RU,professional,,
ru_048.txt,3.9215686275,RU,professional,,
ru_049.txt,4.1666666667,RU,professional,,
ru_05.txt,2.2222222222,RU,professional,,
ru_050.txt,2.9850746269,RU,professional,,
ru_051.txt,16.1290322581,RU,professional,,
ru_052.txt,0,RU,professional,,
ru_053.txt,2.8776978417,RU,professional,,
ru_054.txt,3.3707865169,RU,professional,,
ru_055.txt,0,RU,professional,,
ru_056.txt,2.9411764706,RU,professional,,
ru_057.txt,3.4782608696,RU,professional,,
ru_058.txt,10.5263157895,RU,professional,,
ru_059.txt,1.9607843137,RU,professional,,
ru_060.txt,2.2222222222,RU,professional,,
ru_061.txt,2.2727272727,RU,professional,,
ru_062.txt,4.5454545455,RU,professional,,
ru_063.txt,3.7974683544,RU,professional,,
ru_064.txt,0,RU,professional,,
ru_065.txt,1.3157894737,RU,professional,,
ru_066.txt,0,RU,professional,,
ru_067.txt,10.447761194,RU,professional,,
ru_068.txt,1.4184397163,RU,professional,,
ru_069.txt,2.9411764706,RU,professional,,
ru_070.txt,10.6382978723,RU,professional,,
ru_071.txt,5.8823529412,RU,professional,,
ru_072.txt,2.3529411765,RU,professional,,
ru_073.txt,9.6385542169,RU,professional,,
ru_074.txt,5.8823529412,RU,professional,,
ru_075.txt,5.9701492537,RU,professional,,
ru_076.txt,8.0808080808,RU,professional,,
ru_077.txt,3.0303030303,RU,professional,,
ru_078.txt,3.8461538462,RU,professional,,
ru_079.txt,3.75,RU,professional,,
ru_08.txt,4,RU,professional,,
ru_080.txt,3.7974683544,RU,professional,,
ru_081.txt,0,RU,professional,,
ru_082.txt,0,RU,professional,,
ru_083.txt,0,RU,professional,,
ru_084.txt,10.5882352941,RU,professional,,
ru_085.txt,1.4285714286,RU,professional,,
ru_086.txt,1.4150943396,RU,professional,,
ru_087.txt,4.1916167665,RU,professional,,
ru_088.txt,5.7142857143,RU,professional,,
ru_089.txt,8.6956521739,RU,professional,,
ru_09.txt,3.9215686275,RU,professional,,
ru_090.txt,3.8461538462,RU,professional,,
ru_091.txt,8.1081081081,RU,professional,,
ru_092.txt,2,RU,professional,,
ru_093.txt,4.8076923077,RU,professional,,
ru_094.txt,7.5,RU,professional,,
ru_095.txt,6.0931899642,RU,professional,,
ru_096.txt,3.9215686275,RU,professional,,
ru_097.txt,8.8888888889,RU,professional,,
ru_098.txt,1.3157894737,RU,professional,,
ru_099.txt,6.25,RU,professional,,
ru_1.txt,3.8461538462,RU,professional,,
ru_10.txt,1.5873015873,RU,professional,,
ru_100.txt,3.0769230769,RU,professional,,
ru_11.txt,0,RU,professional,,
ru_12.txt,0,RU,professional,,
ru_13.txt,0,RU,professional,,
ru_14.txt,0,RU,professional,,
ru_15.txt,1.2345679012,RU,professional,,
ru_16.txt,2.9166666667,RU,professional,,
ru_17.txt,2,RU,professional,,
ru_18.txt,2.4390243902,RU,professional,,
ru_19.txt,0,RU,professional,,
ru_2.txt,4.8780487805,RU,professional,,
ru_20.txt,2.7777777778,RU,professional,,
ru_21.txt,1.4285714286,RU,professional,,
ru_22.txt,7.4074074074,RU,professional,,
ru_23.txt,8.8235294118,RU,professional,,
ru_24.txt,3.2258064516,RU,professional,,
ru_25.txt,8,RU,professional,,
ru_26.txt,8.1967213115,RU,professional,,
ru_27.txt,7.2463768116,RU,professional,,
ru_28.txt,7.5409836066,RU,professional,,
ru_29.txt,2.2471910112,RU,professional,,
ru_3.txt,9.4339622642,RU,professional,,
ru_30.txt,0,RU,professional,,
ru_31.txt,1.0101010101,RU,professional,,
ru_32.txt,3.5714285714,RU,professional,,
ru_33.txt,0.7751937984,RU,professional,,
ru_34.txt,7.8125,RU,professional,,
ru_35.txt,2.2727272727,RU,professional,,
ru_36.txt,2.1186440678,RU,professional,,
ru_37.txt,5.4945054945,RU,professional,,
ru_38.txt,11.7647058824,RU,professional,,
ru_39.txt,6.5693430657,RU,professional,,
ru_4.txt,2.5641025641,RU,professional,,
ru_40.txt,0,RU,professional,,
ru_41.txt,5.7471264368,RU,professional,,
ru_42.txt,0,RU,professional,,
ru_43.txt,2.0618556701,RU,professional,,
ru_44.txt,2.8776978417,RU,professional,,
ru_45.txt,0,RU,professional,,
ru_46.txt,1.3333333333,RU,professional,,
ru_47.txt,9.6153846154,RU,professional,,
ru_48.txt,0,RU,professional,,
ru_49.txt,2.2727272727,RU,professional,,
ru_5.txt,3.2967032967,RU,professional,,
ru_50.txt,11.1111111111,RU,professional,,
ru_51.txt,1.9230769231,RU,professional,,
ru_52.txt,2.8571428571,RU,professional,,
ru_53.txt,2,RU,professional,,
ru_54.txt,2.3255813953,RU,professional,,
ru_55.txt,0,RU,professional,,
ru_56.txt,6.7796610169,RU,professional,,
ru_57.txt,9.5238095238,RU,professional,,
ru_58.txt,11.3636363636,RU,professional,,
ru_59.txt,0,RU,professional,,
ru_6.txt,9.243697479,RU,professional,,
ru_60.txt,2.2222222222,RU,professional,,
ru_61.txt,10.2564102564,RU,professional,,
ru_62.txt,0,RU,professional,,
ru_63.txt,11.320754717,RU,professional,,
ru_64.txt,11.4285714286,RU,professional,,
ru_65.txt,1.4925373134,RU,professional,,
ru_66.txt,12,RU,professional,,
ru_67.txt,0,RU,professional,,
ru_68.txt,1.4492753623,RU,professional,,
ru_69.txt,3.9473684211,RU,professional,,
ru_7.txt,1.4705882353,RU,professional,,
ru_70.txt,10.5263157895,RU,professional,,
ru_71.txt,21.6216216216,RU,professional,,
ru_72.txt,5.4945054945,RU,professional,,
ru_73.txt,3.6363636364,RU,professional,,
ru_74.txt,1.8867924528,RU,professional,,
ru_75.txt,3.8461538462,RU,professional,,
ru_76.txt,3.5714285714,RU,professional,,
ru_77.txt,17.2413793103,RU,professional,,
ru_78.txt,4.347826087,RU,professional,,
ru_79.txt,1.5706806283,RU,professional,,
ru_8.txt,10.5263157895,RU,professional,,
ru_80.txt,4.347826087,RU,professional,,
ru_81.txt,9.0909090909,RU,professional,,
ru_82.txt,3.5714285714,RU,professional,,
ru_83.txt,2.0833333333,RU,professional,,
ru_84.txt,2.8571428571,RU,professional,,
ru_85.txt,0,RU,professional,,
ru_86.txt,0,RU,professional,,
ru_87.txt,0,RU,professional,,
ru_88.txt,1.6393442623,RU,professional,,
ru_89.txt,18.9189189189,RU,professional,,
ru_9.txt,3.3333333333,RU,professional,,
ru_90.txt,16.2162162162,RU,professional,,
ru_91.txt,2.0408163265,RU,professional,,
ru_92.txt,1.5789473684,RU,professional,,
ru_93.txt,12.7272727273,RU,professional,,
ru_94.txt,0,RU,professional,,
ru_95.txt,0,RU,professional,,
ru_96.txt,1.724137931,RU,professional,,
ru_97.txt,5.4054054054,RU,professional,,
ru_98.txt,8.3333333333,RU,professional,,
ru_99.txt,1.5384615385,RU,professional,,
442657.conn,1.1235955056,RU,reference,,
508375.conn,0,RU,reference,,
510463.conn,0,RU,reference,,
480687.conn,14.4444444444,RU,reference,,
485448.conn,1.2345679012,RU,reference,,
512000.conn,1.9047619048,RU,reference,,
518211.conn,6.3829787234,RU,reference,,
511395.conn,0,RU,reference,,
513342.conn,0,RU,reference,,
510435.conn,0,RU,reference,,
527942.conn,6.4935064935,RU,reference,,
510230.conn,12.9032258065,RU,reference,,
516197.conn,6.4102564103,RU,reference,,
518094.conn,1.9047619048,RU,reference,,
519467.conn,3.6585365854,RU,reference,,
476739.conn,1.9417475728,RU,reference,,
508242.conn,6.7567567568,RU,reference,,
527973.conn,0.4545454545,RU,reference,,
518230.conn,1.8867924528,RU,reference,,
477150.conn,1.0101010101,RU,reference,,
508254.conn,1.7441860465,RU,reference,,
461628.conn,1.7543859649,RU,reference,,
473353.conn,5.1724137931,RU,reference,,
527933.conn,7.4074074074,RU,reference,,
461657.conn,3.0303030303,RU,reference,,
518231.conn,4.9180327869,RU,reference,,
liniya01.conn,0.4347826087,RU,reference,,
515885.conn,6.914893617,RU,reference,,
512073.conn,3.1914893617,RU,reference,,
518262.conn,4.1916167665,RU,reference,,
508247.conn,0,RU,reference,,
516275.conn,0,RU,reference,,
515833.conn,2.1897810219,RU,reference,,
520653.conn,1.2738853503,RU,reference,,
510477.conn,3.125,RU,reference,,
509690.conn,1.7543859649,RU,reference,,
519424.conn,0,RU,reference,,
518282.conn,0,RU,reference,,
518142.conn,0.7751937984,RU,reference,,
513377.conn,1.0989010989,RU,reference,,
516900.conn,0,RU,reference,,
507787.conn,5.1282051282,RU,reference,,
509641.conn,2.6315789474,RU,reference,,
516243.conn,1.3333333333,RU,reference,,
480694.conn,4.1666666667,RU,reference,,
508237.conn,0.4651162791,RU,reference,,
507772.conn,0,RU,reference,,
476613.conn,2.1052631579,RU,reference,,
510128.conn,4.5454545455,RU,reference,,
518117.conn,0,RU,reference,,
526192.conn,2.4038461538,RU,reference,,
516304.conn,0.4175365344,RU,reference,,
520512.conn,0,RU,reference,,
513359.conn,2.6315789474,RU,reference,,
519477.conn,0,RU,reference,,
509625.conn,2.5641025641,RU,reference,,
508205.conn,0,RU,reference,,
509609.conn,4.3715846995,RU,reference,,
527974.conn,4.6875,RU,reference,,
477126.conn,1.3698630137,RU,reference,,
485534.conn,0,RU,reference,,
527934.conn,3.5460992908,RU,reference,,
509580.conn,12.9032258065,RU,reference,,
450563.conn,0,RU,reference,,
526201.conn,4.1666666667,RU,reference,,
520649.conn,7.4626865672,RU,reference,,
512037.conn,4.4959128065,RU,reference,,
521314.conn,3.4090909091,RU,reference,,
509696.conn,3.125,RU,reference,,
518149.conn,0,RU,reference,,
520574.conn,1.4492753623,RU,reference,,
473380.conn,1.4492753623,RU,reference,,
515873.conn,4.0404040404,RU,reference,,
510491.conn,0,RU,reference,,
510099.conn,2.1505376344,RU,reference,,
511996.conn,0,RU,reference,,
500249.conn,3.3898305085,RU,reference,,
516916.conn,2.1739130435,RU,reference,,
509773.conn,2.9126213592,RU,reference,,
istori18.conn,5.9523809524,RU,reference,,
507863.conn,1.3157894737,RU,reference,,
501632.conn,0,RU,reference,,
516265.conn,5.1724137931,RU,reference,,
518092.conn,7.8014184397,RU,reference,,
527944.conn,0.8196721311,RU,reference,,
511971.conn,0,RU,reference,,
508241.conn,3.3333333333,RU,reference,,
485547.conn,0,RU,reference,,
519404.conn,3.5714285714,RU,reference,,
518144.conn,6.5972222222,RU,reference,,
476511.conn,0,RU,reference,,
509791.conn,7.5471698113,RU,reference,,
507670.conn,0.6849315068,RU,reference,,
512055.conn,7.4468085106,RU,reference,,
485491.conn,0,RU,reference,,
515920.conn,4.347826087,RU,reference,,
504814.conn,0.3703703704,RU,reference,,
504796.conn,2.9411764706,RU,reference,,
519402.conn,2.7027027027,RU,reference,,
512014.conn,7.6923076923,RU,reference,,
507778.conn,3.3333333333,RU,reference,,
485498.conn,0,RU,reference,,
450558.conn,8.6206896552,RU,reference,,
510091.conn,0,RU,reference,,
509720.conn,0,RU,reference,,
508366.conn,1.2345679012,RU,reference,,
519378.conn,7.3170731707,RU,reference,,
526140.conn,5.7142857143,RU,reference,,
476510.conn,1.7441860465,RU,reference,,
476836.conn,0,RU,reference,,
521281.conn,5.1724137931,RU,reference,,
509710.conn,0,RU,reference,,
447935.conn,2.5641025641,RU,reference,,
442671.conn,3.2467532468,RU,reference,,
434721.conn,1.6077170418,RU,reference,,
512056.conn,0,RU,reference,,
504816.conn,0,RU,reference,,
518286.conn,0,RU,reference,,
485452.conn,0,RU,reference,,
476590.conn,2.380952381,RU,reference,,
500243.conn,1.4705882353,RU,reference,,
526152.conn,0,RU,reference,,
519432.conn,3.4482758621,RU,reference,,
512075.conn,2.5,RU,reference,,
520539.conn,2.5316455696,RU,reference,,
477138.conn,0,RU,reference,,
istori12.conn,3.6036036036,RU,reference,,
509671.conn,7.2847682119,RU,reference,,
509665.conn,8.8235294118,RU,reference,,
508293.conn,1.1764705882,RU,reference,,
509649.conn,14.7058823529,RU,reference,,
511330.conn,3.2520325203,RU,reference,,
518174.conn,0,RU,reference,,
528008.conn,2.0833333333,RU,reference,,
508383.conn,0,RU,reference,,
526105.conn,4.3859649123,RU,reference,,
516301.conn,2.0408163265,RU,reference,,
518155.conn,0,RU,reference,,
510434.conn,0.3076923077,RU,reference,,
508252.conn,4.132231405,RU,reference,,
512057.conn,0,RU,reference,,
511300.conn,1.1111111111,RU,reference,,
516913.conn,3.0769230769,RU,reference,,
512028.conn,0,RU,reference,,
509699.conn,0,RU,reference,,
511944.conn,2.8169014085,RU,reference,,
518280.conn,1.1363636364,RU,reference,,
515824.conn,0,RU,reference,,
442672.conn,2.380952381,RU,reference,,
518116.conn,1,RU,reference,,
443056.conn,0,RU,reference,,
519443.conn,5,RU,reference,,
500223.conn,0,RU,reference,,
519379.conn,3.7634408602,RU,reference,,
473355.conn,2.5,RU,reference,,
508300.conn,0,RU,reference,,
501633.conn,0,RU,reference,,
518227.conn,2.0833333333,RU,reference,,
511938.conn,0,RU,reference,,
510495.conn,14.8936170213,RU,reference,,
521341.conn,5.2631578947,RU,reference,,
527927.conn,7.8947368421,RU,reference,,
527996.conn,0,RU,reference,,
508199.conn,5.4054054054,RU,reference,,
442665.conn,5.1470588235,RU,reference,,
513445.conn,3.4482758621,RU,reference,,
520533.conn,0,RU,reference,,
512044.conn,2.6548672566,RU,reference,,
511928.conn,3.7037037037,RU,reference,,
526194.conn,4.0816326531,RU,reference,,
510483.conn,12.2448979592,RU,reference,,
519449.conn,3.3707865169,RU,reference,,
518215.conn,2.6785714286,RU,reference,,
508183.conn,3.4782608696,RU,reference,,
516305.conn,1.3698630137,RU,reference,,
509570.conn,1.6129032258,RU,reference,,
447882.conn,0,RU,reference,,
513285.conn,0,RU,reference,,
507711.conn,0,RU,reference,,
518254.conn,2.4096385542,RU,reference,,
527999.conn,3.2863849765,RU,reference,,
508286.conn,3.4090909091,RU,reference,,
liza1660.conn,0,RU,reference,,
442676.conn,3.5087719298,RU,reference,,
508255.conn,12.0805369128,RU,reference,,
500200.conn,2.6315789474,RU,reference,,
513383.conn,3.0769230769,RU,reference,,
518076.conn,0,RU,reference,,
518185.conn,2.34375,RU,reference,,
510460.conn,1.724137931,RU,reference,,
511998.conn,8.6206896552,RU,reference,,
508386.conn,0,RU,reference,,
527978.conn,2.5641025641,RU,reference,,
476507.conn,2.5423728814,RU,reference,,
443047.conn,0,RU,reference,,
516279.conn,2.0408163265,RU,reference,,
510459.conn,3.3333333333,RU,reference,,
507820.conn,0,RU,reference,,
476589.conn,3.1578947368,RU,reference,,
508384.conn,4,RU,reference,,
521304.conn,2.0547945205,RU,reference,,
510518.conn,11.6279069767,RU,reference,,
510442.conn,6.3829787234,RU,reference,,
508191.conn,4.3103448276,RU,reference,,
485523.conn,5.5555555556,RU,reference,,
515834.conn,0,RU,reference,,
518193.conn,8.547008547,RU,reference,,
527970.conn,1.3333333333,RU,reference,,
518219.conn,4.7619047619,RU,reference,,
476598.conn,0,RU,reference,,
476648.conn,0,RU,reference,,
520588.conn,0,RU,reference,,
485442.conn,5.5555555556,RU,reference,,
509637.conn,4.7619047619,RU,reference,,
476736.conn,4.347826087,RU,reference,,
526124.conn,2.1739130435,RU,reference,,
516224.conn,2.2222222222,RU,reference,,
518096.conn,2.5157232704,RU,reference,,
510115.conn,0,RU,reference,,
515899.conn,10,RU,reference,,
485545.conn,4.2857142857,RU,reference,,
504819.conn,4.0590405904,RU,reference,,
512023.conn,7.6923076923,RU,reference,,
476733.conn,0,RU,reference,,
504811.conn,5.5555555556,RU,reference,,
485454.conn,1.6129032258,RU,reference,,
473352.conn,1.2658227848,RU,reference,,
512012.conn,0,RU,reference,,
508192.conn,4.3859649123,RU,reference,,
520540.conn,9.5238095238,RU,reference,,
509583.conn,1.3698630137,RU,reference,,
513467.conn,7.5,RU,reference,,
519403.conn,0,RU,reference,,
516263.conn,1.0810810811,RU,reference,,
526112.conn,0,RU,reference,,
485477.conn,2.2727272727,RU,reference,,
520628.conn,0.7782101167,RU,reference,,
520579.conn,6.6666666667,RU,reference,,
485532.conn,3.3333333333,RU,reference,,
516191.conn,0,RU,reference,,
518265.conn,0,RU,reference,,
515898.conn,0,RU,reference,,
504806.conn,0,RU,reference,,
442675.conn,2.7777777778,RU,reference,,
516946.conn,7.8651685393,RU,reference,,
527941.conn,3.2110091743,RU,reference,,
518277.conn,0.7092198582,RU,reference,,
509757.conn,2.1739130435,RU,reference,,
504802.conn,0.9756097561,RU,reference,,
509611.conn,2.9411764706,RU,reference,,
473377.conn,0,RU,reference,,
526131.conn,6.2200956938,RU,reference,,
516254.conn,2.8571428571,RU,reference,,
456326.conn,3.0456852792,RU,reference,,
451164.conn,4.2780748663,RU,reference,,
507690.conn,0,RU,reference,,
500265.conn,3.8461538462,RU,reference,,
istori13.conn,4.5454545455,RU,reference,,
480635.conn,4.6511627907,RU,reference,,
507872.conn,0,RU,reference,,
512025.conn,0,RU,reference,,
527906.conn,0.6993006993,RU,reference,,
456314.conn,4.6511627907,RU,reference,,
509584.conn,5.1282051282,RU,reference,,
516216.conn,3.8461538462,RU,reference,,
518256.conn,0.6097560976,RU,reference,,
528006.conn,0.5319148936,RU,reference,,
507665.conn,4.4247787611,RU,reference,,
500202.conn,2.4390243902,RU,reference,,
526129.conn,0,RU,reference,,
511929.conn,1.7543859649,RU,reference,,
442670.conn,1.8796992481,RU,reference,,
508284.conn,3.6036036036,RU,reference,,
509673.conn,0,RU,reference,,
516915.conn,0,RU,reference,,
480369.conn,0,RU,reference,,
509648.conn,0,RU,reference,,
518214.conn,5.4545454545,RU,reference,,
476611.conn,0,RU,reference,,
473375.conn,2.3255813953,RU,reference,,
526204.conn,3.6363636364,RU,reference,,
507697.conn,4.2553191489,RU,reference,,
513378.conn,0,RU,reference,,
516930.conn,0.78125,RU,reference,,
509740.conn,0,RU,reference,,
504812.conn,0,RU,reference,,
507767.conn,4.780876494,RU,reference,,
451159.conn,1.6,RU,reference,,
442659.conn,2.2222222222,RU,reference,,
518220.conn,3.8961038961,RU,reference,,
442673.conn,0.9523809524,RU,reference,,
515831.conn,0,RU,reference,,
516233.conn,0,RU,reference,,
509582.conn,5.5555555556,RU,reference,,
518101.conn,0,RU,reference,,
509618.conn,3.2894736842,RU,reference,,
509588.conn,2.4096385542,RU,reference,,
516242.conn,1.1904761905,RU,reference,,
520663.conn,8.2901554404,RU,reference,,
476509.conn,0,RU,reference,,
509666.conn,1.3888888889,RU,reference,,
515918.conn,6.4516129032,RU,reference,,
504805.conn,0,RU,reference,,
520660.conn,2.1739130435,RU,reference,,
501643.conn,0,RU,reference,,
513241.conn,3.7037037037,RU,reference,,
516919.conn,0,RU,reference,,
515892.conn,2.2727272727,RU,reference,,
520655.conn,0,RU,reference,,
477145.conn,0.9708737864,RU,reference,,
509578.conn,2.0618556701,RU,reference,,
476612.conn,0,RU,reference,,
520507.conn,0,RU,reference,,
509802.conn,14.2857142857,RU,reference,,
508190.conn,0,RU,reference,,
515900.conn,0,RU,reference,,
518190.conn,2.7918781726,RU,reference,,
518260.conn,0.8771929825,RU,reference,,
513332.conn,3.3333333333,RU,reference,,
513407.conn,0,RU,reference,,
443819.conn,0.7352941176,RU,reference,,
508334.conn,9.8039215686,RU,reference,,
508339.conn,2.3255813953,RU,reference,,
520537.conn,3.7974683544,RU,reference,,
516217.conn,0,RU,reference,,
liza1680.conn,1.2195121951,RU,reference,,
526193.conn,0,RU,reference,,
516221.conn,0.8547008547,RU,reference,,
509597.conn,2.3474178404,RU,reference,,
511989.conn,0,RU,reference,,
516933.conn,3.125,RU,reference,,
518258.conn,1.8018018018,RU,reference,,
518150.conn,0,RU,reference,,
510437.conn,2.0408163265,RU,reference,,
519453.conn,5.2631578947,RU,reference,,
520622.conn,7.1794871795,RU,reference,,
504336.conn,0.7462686567,RU,reference,,
473383.conn,0,RU,reference,,
511980.conn,0,RU,reference,,
476508.conn,2.4691358025,RU,reference,,
518131.conn,4.3956043956,RU,reference,,
508341.conn,6.0606060606,RU,reference,,
509694.conn,4.0540540541,RU,reference,,
516190.conn,7.619047619,RU,reference,,
515912.conn,4.0983606557,RU,reference,,
485495.conn,0,RU,reference,,
507770.conn,5.1282051282,RU,reference,,
518171.conn,5.5555555556,RU,reference,,
507734.conn,0,RU,reference,,
518245.conn,0,RU,reference,,
518170.conn,3.1496062992,RU,reference,,
511357.conn,7.8125,RU,reference,,
485551.conn,4,RU,reference,,
510464.conn,4.7619047619,RU,reference,,
519373.conn,0,RU,reference,,
512011.conn,3.5087719298,RU,reference,,
518240.conn,4.1666666667,RU,reference,,
519484.conn,11.6959064327,RU,reference,,
508337.conn,5.5921052632,RU,reference,,
518100.conn,0,RU,reference,,
442669.conn,2.6315789474,RU,reference,,
510512.conn,3.488372093,RU,reference,,
473378.conn,5.2631578947,RU,reference,,
518161.conn,0,RU,reference,,
510514.conn,4.8780487805,RU,reference,,
516894.conn,0.4338394794,RU,reference,,
509643.conn,1.9230769231,RU,reference,,
526242.conn,5.1612903226,RU,reference,,
518186.conn,0,RU,reference,,
512051.conn,0,RU,reference,,
516280.conn,0,RU,reference,,
477117.conn,1.7391304348,RU,reference,,
520516.conn,4.6204620462,RU,reference,,
512015.conn,0,RU,reference,,
504813.conn,1.2987012987,RU,reference,,
500204.conn,1.0810810811,RU,reference,,
434715.conn,5.421686747,RU,reference,,
513416.conn,0,RU,reference,,
518158.conn,0,RU,reference,,
477154.conn,0,RU,reference,,
442652.conn,3.6,RU,reference,,
509734.conn,2.2222222222,RU,reference,,
451266.conn,2.380952381,RU,reference,,
476867.conn,7.1428571429,RU,reference,,
527924.conn,8.3333333333,RU,reference,,
500213.conn,2.5,RU,reference,,
450460.conn,2.4691358025,RU,reference,,
476731.conn,0,RU,reference,,
509581.conn,1.5625,RU,reference,,
526123.conn,2.7777777778,RU,reference,,
515913.conn,3.3707865169,RU,reference,,
476738.conn,2.7777777778,RU,reference,,
520461.conn,5.2631578947,RU,reference,,
518169.conn,3.6363636364,RU,reference,,
511392.conn,16.0337552743,RU,reference,,
519508.conn,2.9850746269,RU,reference,,
485428.conn,0,RU,reference,,
513321.conn,6,RU,reference,,
500266.conn,7.9096045198,RU,reference,,
518289.conn,2.9197080292,RU,reference,,
504799.conn,0,RU,reference,,
526249.conn,2.962962963,RU,reference,,
450424.conn,2.0833333333,RU,reference,,
447881.conn,6.25,RU,reference,,
508385.conn,0,RU,reference,,
516298.conn,8.7947882736,RU,reference,,
518107.conn,7.8431372549,RU,reference,,
512090.conn,1.4778325123,RU,reference,,
516251.conn,1.1235955056,RU,reference,,
508239.conn,2.7397260274,RU,reference,,
526139.conn,3.9215686275,RU,reference,,
518167.conn,0,RU,reference,,
476582.conn,2.4390243902,RU,reference,,
519418.conn,0,RU,reference,,
508201.conn,4.4117647059,RU,reference,,
527969.conn,1.1627906977,RU,reference,,
450489.conn,0,RU,reference,,
516949.conn,2.3622047244,RU,reference,,
528004.conn,0,RU,reference,,
461645.conn,0,RU,reference,,
520664.conn,2.04778157,RU,reference,,
508328.conn,3.8834951456,RU,reference,,
513286.conn,0,RU,reference,,
516950.conn,5.4054054054,RU,reference,,
510485.conn,7.8431372549,RU,reference,,
518275.conn,8.2191780822,RU,reference,,
518127.conn,1.3953488372,RU,reference,,
450485.conn,0,RU,reference,,
473350.conn,4.6296296296,RU,reference,,
527905.conn,6.6666666667,RU,reference,,
518177.conn,0,RU,reference,,
451158.conn,3.8461538462,RU,reference,,
516954.conn,1.2820512821,RU,reference,,
510452.conn,1.5384615385,RU,reference,,
476602.conn,1.0563380282,RU,reference,,
515894.conn,1.4285714286,RU,reference,,
500221.conn,9.8765432099,RU,reference,,
461653.conn,2.8571428571,RU,reference,,
515838.conn,2.5316455696,RU,reference,,
516302.conn,2.7777777778,RU,reference,,
480674.conn,3.1746031746,RU,reference,,
510438.conn,7.4626865672,RU,reference,,
509707.conn,0,RU,reference,,
509650.conn,0,RU,reference,,
510481.conn,1.3333333333,RU,reference,,
520583.conn,0.8771929825,RU,reference,,
516947.conn,0,RU,reference,,
509706.conn,1.6129032258,RU,reference,,
516898.conn,5.7692307692,RU,reference,,
519430.conn,0,RU,reference,,
516227.conn,4.2105263158,RU,reference,,
509672.conn,0,RU,reference,,
515887.conn,12.9411764706,RU,reference,,
480349.conn,0.5952380952,RU,reference,,
515822.conn,4.9382716049,RU,reference,,
447923.conn,5.7971014493,RU,reference,,
509741.conn,0.4694835681,RU,reference,,
527984.conn,1.5151515152,RU,reference,,
513319.conn,7.3170731707,RU,reference,,
istori08.conn,4.347826087,RU,reference,,
508187.conn,0,RU,reference,,
507739.conn,7.8947368421,RU,reference,,
516212.conn,0.7407407407,RU,reference,,
512083.conn,4.2553191489,RU,reference,,
485516.conn,0,RU,reference,,
527937.conn,0,RU,reference,,
512026.conn,1.7857142857,RU,reference,,
509620.conn,0,RU,reference,,
473354.conn,0.9090909091,RU,reference,,
509661.conn,1.8518518519,RU,reference,,
512070.conn,4.6153846154,RU,reference,,
450490.conn,1.3333333333,RU,reference,,
510513.conn,1.9704433498,RU,reference,,
510489.conn,0,RU,reference,,
516230.conn,1.0869565217,RU,reference,,
518194.conn,5.3846153846,RU,reference,,
509808.conn,3.1746031746,RU,reference,,
518455.conn,2.5477707006,RU,reference,,
450473.conn,9.0909090909,RU,reference,,
450439.conn,16.3265306122,RU,reference,,
509739.conn,1.724137931,RU,reference,,
508381.conn,3.3333333333,RU,reference,,
528003.conn,0,RU,reference,,
518212.conn,0,RU,reference,,
434710.conn,6.3829787234,RU,reference,,
516219.conn,0,RU,reference,,
485458.conn,2.0833333333,RU,reference,,
450504.conn,2.7397260274,RU,reference,,
513406.conn,3.7037037037,RU,reference,,
513312.conn,0.7407407407,RU,reference,,
518175.conn,4.3795620438,RU,reference,,
472851.conn,0,RU,reference,,
476606.conn,2.6315789474,RU,reference,,
518281.conn,0,RU,reference,,
527947.conn,1.4705882353,RU,reference,,
518135.conn,6.8965517241,RU,reference,,
527892.conn,0,RU,reference,,
518102.conn,1.5228426396,RU,reference,,
443051.conn,2.8169014085,RU,reference,,
510108.conn,3.2786885246,RU,reference,,
513394.conn,0.9615384615,RU,reference,,
500201.conn,2.7777777778,RU,reference,,
528001.conn,2.0491803279,RU,reference,,
515835.conn,1.1111111111,RU,reference,,
513254.conn,8.3333333333,RU,reference,,
518103.conn,0.7692307692,RU,reference,,
507721.conn,2.6315789474,RU,reference,,
509596.conn,6.7567567568,RU,reference,,
520519.conn,6.1674008811,RU,reference,,
485438.conn,2.688172043,RU,reference,,
526191.conn,3.4482758621,RU,reference,,
442310.conn,7.6923076923,RU,reference,,
476587.conn,3.29218107,RU,reference,,
520546.conn,0,RU,reference,,
507713.conn,0,RU,reference,,
516247.conn,5.8823529412,RU,reference,,
526126.conn,4.2857142857,RU,reference,,
520475.conn,0,RU,reference,,
518327.conn,3.1746031746,RU,reference,,
510511.conn,0,RU,reference,,
518228.conn,0,RU,reference,,
480645.conn,0,RU,reference,,
510516.conn,4.4117647059,RU,reference,,
liza1651.conn,1.25,RU,reference,,
526238.conn,3.0303030303,RU,reference,,
485434.conn,4.048582996,RU,reference,,
515876.conn,4.5112781955,RU,reference,,
451248.conn,0,RU,reference,,
515814.conn,3.125,RU,reference,,
516208.conn,0,RU,reference,,
526134.conn,2.2222222222,RU,reference,,
507710.conn,0,RU,reference,,
dasha39_29.conn,5.9040590406,RU,reference,,
513289.conn,7.2463768116,RU,reference,,
500215.conn,7.2463768116,RU,reference,,
526107.conn,1.5151515152,RU,reference,,
511925.conn,0,RU,reference,,
527899.conn,8,RU,reference,,
516906.conn,5.0505050505,RU,reference,,
443038.conn,0,RU,reference,,
513384.conn,1.3513513514,RU,reference,,
509599.conn,5.3691275168,RU,reference,,
461642.conn,6.993006993,RU,reference,,
527925.conn,0,RU,reference,,
500259.conn,3.1413612565,RU,reference,,
518250.conn,19.4444444444,RU,reference,,
513431.conn,2.5641025641,RU,reference,,
485548.conn,2.3255813953,RU,reference,,
520629.conn,7.1428571429,RU,reference,,
509600.conn,0,RU,reference,,
518164.conn,2.0833333333,RU,reference,,
516895.conn,2.380952381,RU,reference,,
518188.conn,4.9382716049,RU,reference,,
509560.conn,0.7194244604,RU,reference,,
516936.conn,3.2786885246,RU,reference,,
526199.conn,6.4516129032,RU,reference,,
511924.conn,0,RU,reference,,
509712.conn,1.8867924528,RU,reference,,
516943.conn,0,RU,reference,,
485451.conn,3.4482758621,RU,reference,,
442664.conn,3.7313432836,RU,reference,,
450538.conn,0,RU,reference,,
518086.conn,5.2631578947,RU,reference,,
515860.conn,2.5540275049,RU,reference,,
504349.conn,1.1627906977,RU,reference,,
518243.conn,11.3402061856,RU,reference,,
518089.conn,11.7647058824,RU,reference,,
526158.conn,1.9801980198,RU,reference,,
476850.conn,3.5714285714,RU,reference,,
504337.conn,10.2941176471,RU,reference,,
476641.conn,1.5873015873,RU,reference,,
518276.conn,0,RU,reference,,
527895.conn,2,RU,reference,,
476593.conn,0,RU,reference,,
507737.conn,0,RU,reference,,
515870.conn,2.0408163265,RU,reference,,
516281.conn,5.6872037915,RU,reference,,
518176.conn,0.7874015748,RU,reference,,
509766.conn,5.2631578947,RU,reference,,
434719.conn,2.0408163265,RU,reference,,
513402.conn,3.125,RU,reference,,
513456.conn,4.1095890411,RU,reference,,
508197.conn,3.7891268534,RU,reference,,
527950.conn,0,RU,reference,,
500222.conn,2.7397260274,RU,reference,,
509724.conn,1.2903225806,RU,reference,,
511312.conn,0,RU,reference,,
477143.conn,0,RU,reference,,
511940.conn,4.5454545455,RU,reference,,
510479.conn,0,RU,reference,,
508204.conn,0,RU,reference,,
500262.conn,1.5384615385,RU,reference,,
476842.conn,5.3435114504,RU,reference,,
518077.conn,15.4411764706,RU,reference,,
508297.conn,1.724137931,RU,reference,,
518259.conn,0.5025125628,RU,reference,,
515895.conn,0,RU,reference,,
477140.conn,1.3192612137,RU,reference,,
509789.conn,4.8387096774,RU,reference,,
508188.conn,2.7027027027,RU,reference,,
liniya02.conn,3.5483870968,RU,reference,,
520541.conn,0,RU,reference,,
516239.conn,0,RU,reference,,
509574.conn,3.4539473684,RU,reference,,
515888.conn,7.6923076923,RU,reference,,
476601.conn,0,RU,reference,,
509719.conn,16.4179104478,RU,reference,,
511329.conn,0,RU,reference,,
512074.conn,5.3398058252,RU,reference,,
476735.conn,2.9411764706,RU,reference,,
510509.conn,10.7692307692,RU,reference,,
516231.conn,2.7777777778,RU,reference,,
513349.conn,14.1414141414,RU,reference,,
520585.conn,4.854368932,RU,reference,,
516303.conn,0,RU,reference,,
509810.conn,9.6774193548,RU,reference,,
515828.conn,9.4202898551,RU,reference,,
504803.conn,6.976744186,RU,reference,,
dasha39_34.conn,0,RU,reference,,
509723.conn,0,RU,reference,,
liza1682.conn,3.4090909091,RU,reference,,
526200.conn,6.25,RU,reference,,
527914.conn,4.7619047619,RU,reference,,
527997.conn,0,RU,reference,,
526234.conn,2.0408163265,RU,reference,,
516213.conn,0,RU,reference,,
520460.conn,0,RU,reference,,
507684.conn,2.2222222222,RU,reference,,
516911.conn,0,RU,reference,,
512043.conn,4.4117647059,RU,reference,,
500225.conn,0,RU,reference,,
liza1610.conn,5,RU,reference,,
509804.conn,2.5,RU,reference,,
518172.conn,4.5454545455,RU,reference,,
527891.conn,1.4705882353,RU,reference,,
476656.conn,12.4481327801,RU,reference,,
508371.conn,2.8571428571,RU,reference,,
504807.conn,2.380952381,RU,reference,,
507738.conn,0,RU,reference,,
509761.conn,0,RU,reference,,
509610.conn,6.4516129032,RU,reference,,
473349.conn,4.6511627907,RU,reference,,
518110.conn,0.6666666667,RU,reference,,
476594.conn,0,RU,reference,,
508288.conn,3.0303030303,RU,reference,,
508230.conn,5.5555555556,RU,reference,,
509659.conn,6.5359477124,RU,reference,,
520623.conn,0,RU,reference,,
442306.conn,2.1739130435,RU,reference,,
507760.conn,3.2786885246,RU,reference,,
485513.conn,5.6179775281,RU,reference,,
528007.conn,0,RU,reference,,
509558.conn,3.6082474227,RU,reference,,
508332.conn,0,RU,reference,,
516236.conn,15.3846153846,RU,reference,,
519377.conn,5.7692307692,RU,reference,,
485494.conn,2.4691358025,RU,reference,,
508335.conn,11.8644067797,RU,reference,,
521306.conn,4.6428571429,RU,reference,,
507851.conn,3.3333333333,RU,reference,,
520631.conn,1.4925373134,RU,reference,,
518207.conn,2.5,RU,reference,,
516207.conn,6.25,RU,reference,,
516896.conn,5.5214723926,RU,reference,,
480638.conn,1.2048192771,RU,reference,,
519520.conn,2.6315789474,RU,reference,,
507838.conn,2.0408163265,RU,reference,,
500209.conn,8.7719298246,RU,reference,,
500208.conn,2.2222222222,RU,reference,,
476513.conn,2.2727272727,RU,reference,,
511997.conn,2.2222222222,RU,reference,,
509726.conn,0,RU,reference,,
508377.conn,1.1173184358,RU,reference,,
512077.conn,3.7974683544,RU,reference,,
485481.conn,1.5151515152,RU,reference,,
509598.conn,8,RU,reference,,
508193.conn,2.6905829596,RU,reference,,
511995.conn,0,RU,reference,,
515816.conn,0,RU,reference,,
516192.conn,6.0465116279,RU,reference,,
509794.conn,5,RU,reference,,
450422.conn,1.1235955056,RU,reference,,
450482.conn,4.9180327869,RU,reference,,
527908.conn,4.958677686,RU,reference,,
450495.conn,1.2658227848,RU,reference,,
510478.conn,11.1111111111,RU,reference,,
504801.conn,7.2727272727,RU,reference,,
509801.conn,8.3333333333,RU,reference,,
450527.conn,1.724137931,RU,reference,,
508207.conn,6.8181818182,RU,reference,,
461660.conn,0,RU,reference,,
509579.conn,2.9268292683,RU,reference,,
516249.conn,3.5714285714,RU,reference,,
511957.conn,5.035971223,RU,reference,,
434711.conn,0.5780346821,RU,reference,,
509807.conn,1.0309278351,RU,reference,,
508206.conn,0,RU,reference,,
509733.conn,5.8823529412,RU,reference,,
501636.conn,0,RU,reference,,
513455.conn,2.7777777778,RU,reference,,
528005.conn,1.7543859649,RU,reference,,
461632.conn,1.3793103448,RU,reference,,
518108.conn,1.9607843137,RU,reference,,
442666.conn,2.2058823529,RU,reference,,
509744.conn,5.7142857143,RU,reference,,
451157.conn,5.035971223,RU,reference,,
508210.conn,1.9607843137,RU,reference,,
461627.conn,0,RU,reference,,
508342.conn,3.7037037037,RU,reference,,
518082.conn,0.8849557522,RU,reference,,
526137.conn,1.1406844106,RU,reference,,
527903.conn,1.5625,RU,reference,,
450554.conn,2.7027027027,RU,reference,,
508296.conn,5.3571428571,RU,reference,,
527976.conn,7.8947368421,RU,reference,,
509768.conn,0,RU,reference,,
507856.conn,2.7397260274,RU,reference,,
527949.conn,7.1428571429,RU,reference,,
dasha39_09.conn,8.3333333333,RU,reference,,
520508.conn,4.8780487805,RU,reference,,
476835.conn,1.4925373134,RU,reference,,
507819.conn,2.4691358025,RU,reference,,
473345.conn,1.2658227848,RU,reference,,
508347.conn,6.4171122995,RU,reference,,
434709.conn,0.9090909091,RU,reference,,
509562.conn,1.6393442623,RU,reference,,
516299.conn,0.5649717514,RU,reference,,
485478.conn,1.4925373134,RU,reference,,
515817.conn,3.3898305085,RU,reference,,
447937.conn,1.8181818182,RU,reference,,
507766.conn,0,RU,reference,,
510453.conn,1.4492753623,RU,reference,,
485511.conn,6.3492063492,RU,reference,,
518132.conn,4.3956043956,RU,reference,,
526162.conn,0,RU,reference,,
518133.conn,0,RU,reference,,
516940.conn,2.1739130435,RU,reference,,
476665.conn,1.4018691589,RU,reference,,
450521.conn,11.6279069767,RU,reference,,
521305.conn,0,RU,reference,,
512050.conn,0,RU,reference,,
518079.conn,8.0808080808,RU,reference,,
485459.conn,11.6666666667,RU,reference,,
516282.conn,2.2988505747,RU,reference,,
516293.conn,0,RU,reference,,
513334.conn,5.3571428571,RU,reference,,
508202.conn,0,RU,reference,,
509651.conn,5.2631578947,RU,reference,,
518229.conn,0,RU,reference,,
516257.conn,4.347826087,RU,reference,,
504808.conn,0,RU,reference,,
480370.conn,6.25,RU,reference,,
518222.conn,0,RU,reference,,
507837.conn,1.6129032258,RU,reference,,
508387.conn,0.4545454545,RU,reference,,
480628.conn,2.9411764706,RU,reference,,
480379.conn,0,RU,reference,,
451163.conn,0,RU,reference,,
480676.conn,0,RU,reference,,
516238.conn,0,RU,reference,,
513318.conn,0,RU,reference,,
504347.conn,1.3215859031,RU,reference,,
500240.conn,2.7108433735,RU,reference,,
509688.conn,0,RU,reference,,
508184.conn,0,RU,reference,,
485541.conn,1.4925373134,RU,reference,,
476654.conn,0.8849557522,RU,reference,,
476503.conn,6.25,RU,reference,,
526164.conn,5.8823529412,RU,reference,,
476951.conn,0,RU,reference,,
485571.conn,2.1739130435,RU,reference,,
515886.conn,2.0979020979,RU,reference,,
511932.conn,2.3255813953,RU,reference,,
515909.conn,0,RU,reference,,
520625.conn,0,RU,reference,,
476605.conn,2.5974025974,RU,reference,,
509614.conn,0.6872852234,RU,reference,,
485464.conn,0.8547008547,RU,reference,,
509809.conn,2.7027027027,RU,reference,,
liza1650.conn,1.9417475728,RU,reference,,
513341.conn,0,RU,reference,,
507804.conn,0,RU,reference,,
442674.conn,5.8823529412,RU,reference,,
527963.conn,10.9756097561,RU,reference,,
507679.conn,2.7777777778,RU,reference,,
518285.conn,4.9645390071,RU,reference,,
473089.conn,0,RU,reference,,
509576.conn,3.125,RU,reference,,
510093.conn,3.75,RU,reference,,
441953.conn,4.0540540541,RU,reference,,
521284.conn,0.8620689655,RU,reference,,
450564.conn,1.7857142857,RU,reference,,
508194.conn,2.4390243902,RU,reference,,
450457.conn,1.0204081633,RU,reference,,
480354.conn,11.7647058824,RU,reference,,
508240.conn,1.6666666667,RU,reference,,
511922.conn,0,RU,reference,,
485529.conn,16.6666666667,RU,reference,,
508338.conn,6.1538461538,RU,reference,,
442754.conn,0.8474576271,RU,reference,,
520469.conn,5.1546391753,RU,reference,,
507762.conn,2.9411764706,RU,reference,,
518278.conn,7.5862068966,RU,reference,,
508331.conn,4.2553191489,RU,reference,,
527968.conn,0,RU,reference,,
450478.conn,1.8181818182,RU,reference,,
476868.conn,1.0638297872,RU,reference,,
509777.conn,0,RU,reference,,
520465.conn,0,RU,reference,,
509743.conn,1.1904761905,RU,reference,,
518191.conn,4.347826087,RU,reference,,
480636.conn,0.5119453925,RU,reference,,
516209.conn,0,RU,reference,,
508372.conn,6.1538461538,RU,reference,,
434713.conn,6.6666666667,RU,reference,,
485560.conn,10.843373494,RU,reference,,
512036.conn,0,RU,reference,,
513415.conn,1.9417475728,RU,reference,,
516891.conn,1.9083969466,RU,reference,,
485482.conn,0,RU,reference,,
511314.conn,0,RU,reference,,
512008.conn,4.1237113402,RU,reference,,
511353.conn,10.7142857143,RU,reference,,
515905.conn,2.7397260274,RU,reference,,
511973.conn,0,RU,reference,,
461663.conn,5.7142857143,RU,reference,,
516945.conn,0,RU,reference,,
516205.conn,0.7712082262,RU,reference,,
516935.conn,4.4444444444,RU,reference,,
516948.conn,0,RU,reference,,
507824.conn,9.4545454545,RU,reference,,
518252.conn,0,RU,reference,,
519380.conn,0.5617977528,RU,reference,,
510472.conn,2.5,RU,reference,,
509715.conn,3.9548022599,RU,reference,,
509751.conn,3.9215686275,RU,reference,,
518113.conn,7.1428571429,RU,reference,,
515865.conn,0,RU,reference,,
518173.conn,1.7543859649,RU,reference,,
510496.conn,3.2967032967,RU,reference,,
516260.conn,4.1095890411,RU,reference,,
526106.conn,1.5151515152,RU,reference,,
508282.conn,2.7027027027,RU,reference,,
512034.conn,1.1764705882,RU,reference,,
dasha39_06.conn,0,RU,reference,,
526207.conn,6.6666666667,RU,reference,,
513351.conn,2.5641025641,RU,reference,,
501626.conn,5.1282051282,RU,reference,,
526136.conn,2.380952381,RU,reference,,
477137.conn,1.9607843137,RU,reference,,
511991.conn,3.5928143713,RU,reference,,
509698.conn,2.7210884354,RU,reference,,
461656.conn,1.3888888889,RU,reference,,
518266.conn,0,RU,reference,,
511972.conn,2.380952381,RU,reference,,
512092.conn,20.5882352941,RU,reference,,
485512.conn,5,RU,reference,,
508186.conn,0,RU,reference,,
485461.conn,5.4945054945,RU,reference,,
518080.conn,1.2345679012,RU,reference,,
504330.conn,1.6666666667,RU,reference,,
509642.conn,0,RU,reference,,
520464.conn,2.1008403361,RU,reference,,
515832.conn,0,RU,reference,,
485568.conn,2,RU,reference,,
450547.conn,0,RU,reference,,
527896.conn,0.826446281,RU,reference,,
516905.conn,6.6666666667,RU,reference,,
480373.conn,3.7735849057,RU,reference,,
515863.conn,1.1235955056,RU,reference,,
518165.conn,0,RU,reference,,
509657.conn,2.2222222222,RU,reference,,
450526.conn,0.8771929825,RU,reference,,
518134.conn,7.5471698113,RU,reference,,
509729.conn,5,RU,reference,,
442753.conn,0,RU,reference,,
519519.conn,0.9345794393,RU,reference,,
504804.conn,1.6806722689,RU,reference,,
518426.conn,3.0769230769,RU,reference,,
509645.conn,5.7142857143,RU,reference,,
510450.conn,2,RU,reference,,
476599.conn,6.8493150685,RU,reference,,
527940.conn,0,RU,reference,,
518217.conn,0,RU,reference,,
516250.conn,1.1363636364,RU,reference,,
516928.conn,8.1081081081,RU,reference,,
516220.conn,3.8461538462,RU,reference,,
447887.conn,4.6875,RU,reference,,
528011.conn,0.8403361345,RU,reference,,
507773.conn,2.5641025641,RU,reference,,
511362.conn,0,RU,reference,,
500229.conn,4.4642857143,RU,reference,,
516262.conn,4.9180327869,RU,reference,,
509664.conn,2.7272727273,RU,reference,,
451160.conn,3.1413612565,RU,reference,,
516264.conn,0,RU,reference,,
516297.conn,2,RU,reference,,
500233.conn,2.6548672566,RU,reference,,
509634.conn,0.7874015748,RU,reference,,
511926.conn,7.5471698113,RU,reference,,
520472.conn,3.6926147705,RU,reference,,
508329.conn,0,RU,reference,,
512094.conn,0,RU,reference,,
518147.conn,0,RU,reference,,
513333.conn,0,RU,reference,,
518179.conn,1.7482517483,RU,reference,,
476592.conn,5.1282051282,RU,reference,,
dasha39_07.conn,2.8571428571,RU,reference,,
518264.conn,4.1095890411,RU,reference,,
508346.conn,0,RU,reference,,
520522.conn,0,RU,reference,,
516283.conn,0,RU,reference,,
500261.conn,2.3952095808,RU,reference,,
516237.conn,1.3157894737,RU,reference,,
519429.conn,3.2786885246,RU,reference,,
526125.conn,4.9180327869,RU,reference,,
513425.conn,3.2258064516,RU,reference,,
476584.conn,15.1515151515,RU,reference,,
518114.conn,8.9655172414,RU,reference,,
527995.conn,1.0869565217,RU,reference,,
518210.conn,6.7073170732,RU,reference,,
512093.conn,2.7027027027,RU,reference,,
518074.conn,1.6949152542,RU,reference,,
515830.conn,1.4084507042,RU,reference,,
520614.conn,0,RU,reference,,
516266.conn,5.7142857143,RU,reference,,
518216.conn,0,RU,reference,,
461634.conn,0.8620689655,RU,reference,,
515891.conn,3.5087719298,RU,reference,,
441959.conn,0,RU,reference,,
516255.conn,0,RU,reference,,
516225.conn,0,RU,reference,,
509679.conn,11.5384615385,RU,reference,,
476737.conn,0,RU,reference,,
510468.conn,2.7777777778,RU,reference,,
450514.conn,1.6129032258,RU,reference,,
510482.conn,7.6923076923,RU,reference,,
519514.conn,1.724137931,RU,reference,,
504335.conn,4.1666666667,RU,reference,,
516253.conn,6.6666666667,RU,reference,,
476591.conn,0,RU,reference,,
526241.conn,2.380952381,RU,reference,,
510466.conn,2.2727272727,RU,reference,,
509663.conn,8.6956521739,RU,reference,,
509797.conn,1.8518518519,RU,reference,,
508248.conn,2.5641025641,RU,reference,,
508238.conn,4,RU,reference,,
519469.conn,2.7600849257,RU,reference,,
520576.conn,7.1428571429,RU,reference,,
508209.conn,6.0975609756,RU,reference,,
509590.conn,3.5714285714,RU,reference,,
476585.conn,0,RU,reference,,
510473.conn,9.0909090909,RU,reference,,
507876.conn,0,RU,reference,,
510467.conn,3.3333333333,RU,reference,,
450515.conn,15.7894736842,RU,reference,,
528012.conn,0,RU,reference,,
521307.conn,3.7974683544,RU,reference,,
527945.conn,0,RU,reference,,
510499.conn,1.25,RU,reference,,
518287.conn,1.1111111111,RU,reference,,
520666.conn,0,RU,reference,,
509742.conn,0,RU,reference,,
518124.conn,1.775147929,RU,reference,,
509784.conn,0.8968609865,RU,reference,,
516259.conn,9.0909090909,RU,reference,,
480647.conn,5.5555555556,RU,reference,,
515874.conn,3.7037037037,RU,reference,,
515823.conn,3.3707865169,RU,reference,,
527911.conn,0,RU,reference,,
476506.conn,2.1505376344,RU,reference,,
485447.conn,11.7647058824,RU,reference,,
516306.conn,10.8108108108,RU,reference,,
485453.conn,2.6315789474,RU,reference,,
509568.conn,1.3157894737,RU,reference,,
518242.conn,0,RU,reference,,
510501.conn,1.1627906977,RU,reference,,
510444.conn,3.7037037037,RU,reference,,
518213.conn,0,RU,reference,,
511956.conn,3.9735099338,RU,reference,,
526122.conn,2.5,RU,reference,,
509775.conn,7.7464788732,RU,reference,,
511381.conn,0,RU,reference,,
509622.conn,3.488372093,RU,reference,,
518141.conn,15.1898734177,RU,reference,,
512071.conn,2.3255813953,RU,reference,,
516290.conn,0,RU,reference,,
519370.conn,5.9701492537,RU,reference,,
dasha39_32.conn,0.7751937984,RU,reference,,
509758.conn,1.7857142857,RU,reference,,
516218.conn,1.3513513514,RU,reference,,
476583.conn,0,RU,reference,,
509626.conn,0,RU,reference,,
513350.conn,1.5384615385,RU,reference,,
518083.conn,2.7777777778,RU,reference,,
507865.conn,10.5263157895,RU,reference,,
480673.conn,4.2857142857,RU,reference,,
450434.conn,0,RU,reference,,
480683.conn,1.7543859649,RU,reference,,
508231.conn,0,RU,reference,,
518226.conn,5.0279329609,RU,reference,,
508285.conn,2.1786492375,RU,reference,,
518246.conn,0,RU,reference,,
476596.conn,1.5748031496,RU,reference,,
512032.conn,5.2631578947,RU,reference,,
480684.conn,2.4,RU,reference,,
526115.conn,0,RU,reference,,
516955.conn,2.5,RU,reference,,
520511.conn,3.1578947368,RU,reference,,
509693.conn,7.9646017699,RU,reference,,
516182.conn,4.1666666667,RU,reference,,
518199.conn,0.9933774834,RU,reference,,
511988.conn,0,RU,reference,,
518084.conn,0,RU,reference,,
476609.conn,7.3170731707,RU,reference,,
516938.conn,1.3698630137,RU,reference,,
515857.conn,4.0268456376,RU,reference,,
516287.conn,0.7692307692,RU,reference,,
485467.conn,0.4608294931,RU,reference,,
511960.conn,2.7027027027,RU,reference,,
nauka.conn,0.8547008547,RU,reference,,
500220.conn,10.5263157895,RU,reference,,
473351.conn,5.5,RU,reference,,
518097.conn,0,RU,reference,,
442653.conn,0,RU,reference,,
516296.conn,0,RU,reference,,
473103.conn,3.4220532319,RU,reference,,
507703.conn,6.4516129032,RU,reference,,
442660.conn,10.752688172,RU,reference,,
473385.conn,0,RU,reference,,
dash10_35.conn,0,RU,reference,,
516288.conn,0,RU,reference,,
513433.conn,3.3898305085,RU,reference,,
441954.conn,1.5873015873,RU,reference,,
518130.conn,2.7027027027,RU,reference,,
476600.conn,3.37972167,RU,reference,,
518156.conn,2.3255813953,RU,reference,,
461659.conn,1.1111111111,RU,reference,,
526244.conn,0.9523809524,RU,reference,,
521290.conn,6.6666666667,RU,reference,,
516909.conn,0.7518796992,RU,reference,,
527894.conn,2.5641025641,RU,reference,,
518098.conn,2.5,RU,reference,,
516278.conn,6.4705882353,RU,reference,,
509630.conn,4.2553191489,RU,reference,,
473348.conn,1.3513513514,RU,reference,,
451265.conn,1.6393442623,RU,reference,,
518136.conn,2.8776978417,RU,reference,,
442307.conn,0.5376344086,RU,reference,,
516291.conn,3.1007751938,RU,reference,,
516229.conn,1.5873015873,RU,reference,,
511304.conn,0.4273504274,RU,reference,,
519444.conn,0,RU,reference,,
461651.conn,6.976744186,RU,reference,,
520587.conn,4.2328042328,RU,reference,,
liza1683.conn,2.4096385542,RU,reference,,
476843.conn,5.2631578947,RU,reference,,
518081.conn,5.0632911392,RU,reference,,
513243.conn,0,RU,reference,,
513403.conn,0,RU,reference,,
518112.conn,6.976744186,RU,reference,,
480382.conn,1.5037593985,RU,reference,,
510476.conn,0.9803921569,RU,reference,,
507673.conn,2.0833333333,RU,reference,,
518195.conn,2.5316455696,RU,reference,,
461630.conn,2.4390243902,RU,reference,,
485555.conn,3.1847133758,RU,reference,,
liniya04.conn,0,RU,reference,,
508343.conn,1.1904761905,RU,reference,,
509731.conn,8.1632653061,RU,reference,,
485510.conn,0,RU,reference,,
520520.conn,0,RU,reference,,
518078.conn,7.0175438596,RU,reference,,
518187.conn,9.3023255814,RU,reference,,
485549.conn,3.0864197531,RU,reference,,
513424.conn,8.5106382979,RU,reference,,
515911.conn,0,RU,reference,,
527932.conn,0,RU,reference,,
500248.conn,6.3829787234,RU,reference,,
516244.conn,3.2786885246,RU,reference,,
518073.conn,2.2222222222,RU,reference,,
450500.conn,3.0769230769,RU,reference,,
512052.conn,0,RU,reference,,
509730.conn,0,RU,reference,,
518197.conn,0,RU,reference,,
520627.conn,2.9411764706,RU,reference,,
510486.conn,0,RU,reference,,
476653.conn,1.8181818182,RU,reference,,
485553.conn,2.0761245675,RU,reference,,
520584.conn,1.4705882353,RU,reference,,
456288.conn,5.2631578947,RU,reference,,
527904.conn,5.9701492537,RU,reference,,
526240.conn,3.8961038961,RU,reference,,
509586.conn,1.6949152542,RU,reference,,
519450.conn,1.4285714286,RU,reference,,
473374.conn,1.6949152542,RU,reference,,
518239.conn,1.4285714286,RU,reference,,
485433.conn,10.2941176471,RU,reference,,
480677.conn,0,RU,reference,,
485520.conn,1.2658227848,RU,reference,,
510433.conn,5,RU,reference,,
450519.conn,2.2222222222,RU,reference,,
450433.conn,1.2195121951,RU,reference,,
516904.conn,0,RU,reference,,
461641.conn,2.0408163265,RU,reference,,
518244.conn,2.8571428571,RU,reference,,
512024.conn,9.8837209302,RU,reference,,
516268.conn,1.25,RU,reference,,
518263.conn,7.0796460177,RU,reference,,
518146.conn,2.7027027027,RU,reference,,
515915.conn,2.9411764706,RU,reference,,
511977.conn,8.3333333333,RU,reference,,
504343.conn,0,RU,reference,,
509691.conn,1.9417475728,RU,reference,,
516902.conn,2.1798365123,RU,reference,,
513244.conn,2.1897810219,RU,reference,,
516921.conn,8.8235294118,RU,reference,,
509722.conn,0,RU,reference,,
513387.conn,3.7974683544,RU,reference,,
liza1615.conn,0,RU,reference,,
509803.conn,12,RU,reference,,
521316.conn,0,RU,reference,,
507676.conn,3.4482758621,RU,reference,,
450539.conn,1.8867924528,RU,reference,,
508283.conn,0,RU,reference,,
510446.conn,0,RU,reference,,
500239.conn,10.2564102564,RU,reference,,
519441.conn,12,RU,reference,,
516204.conn,2.1739130435,RU,reference,,
473381.conn,4.3902439024,RU,reference,,
istori03.conn,2.2471910112,RU,reference,,
480629.conn,0,RU,reference,,
442305.conn,0,RU,reference,,
476863.conn,0,RU,reference,,
518071.conn,4.854368932,RU,reference,,
516918.conn,3.125,RU,reference,,
516910.conn,0,RU,reference,,
518238.conn,0,RU,reference,,
508365.conn,3.7037037037,RU,reference,,
513459.conn,4.1666666667,RU,reference,,
509567.conn,3,RU,reference,,
510492.conn,1.9867549669,RU,reference,,
508244.conn,4.6511627907,RU,reference,,
485463.conn,1.0869565217,RU,reference,,
526197.conn,0,RU,reference,,
461643.conn,8.2089552239,RU,reference,,
518126.conn,4.0404040404,RU,reference,,
509606.conn,0,RU,reference,,
516203.conn,3.3333333333,RU,reference,,
473384.conn,2.2222222222,RU,reference,,
510439.conn,2.7027027027,RU,reference,,
516235.conn,0,RU,reference,,
451232.conn,0,RU,reference,,
485561.conn,0,RU,reference,,
515908.conn,0,RU,reference,,
476603.conn,1.1764705882,RU,reference,,
443052.conn,4.6153846154,RU,reference,,
509632.conn,0,RU,reference,,
509745.conn,0,RU,reference,,
509569.conn,0,RU,reference,,
509636.conn,3.1578947368,RU,reference,,
508382.conn,0,RU,reference,,
516897.conn,12.6984126984,RU,reference,,
443039.conn,2.9850746269,RU,reference,,
istori19.conn,0,RU,reference,,
508249.conn,3.5087719298,RU,reference,,
507825.conn,5.3333333333,RU,reference,,
461655.conn,12.4031007752,RU,reference,,
500255.conn,5.9701492537,RU,reference,,
518157.conn,2.2222222222,RU,reference,,
442656.conn,1.9417475728,RU,reference,,
511994.conn,3.9215686275,RU,reference,,
513284.conn,5.6451612903,RU,reference,,
515903.conn,1.226993865,RU,reference,,
511939.conn,2.2471910112,RU,reference,,
447926.conn,2.6666666667,RU,reference,,
510094.conn,2.1897810219,RU,reference,,
526114.conn,1.4925373134,RU,reference,,
443054.conn,0,RU,reference,,
509678.conn,3.1746031746,RU,reference,,
520573.conn,0.3787878788,RU,reference,,
450517.conn,2.8985507246,RU,reference,,
515897.conn,0,RU,reference,,
442650.conn,7.1428571429,RU,reference,,
485538.conn,2.0833333333,RU,reference,,
liza1609.conn,0.7978723404,RU,reference,,
510440.conn,7.5,RU,reference,,
515896.conn,5.8823529412,RU,reference,,
510447.conn,7.6923076923,RU,reference,,
473382.conn,1.2345679012,RU,reference,,
520518.conn,1.5384615385,RU,reference,,
509685.conn,1.8867924528,RU,reference,,
509656.conn,0.8771929825,RU,reference,,
485470.conn,0,RU,reference,,
526121.conn,5.7142857143,RU,reference,,
461644.conn,3.3950617284,RU,reference,,
520652.conn,3.8759689922,RU,reference,,
508376.conn,5.7692307692,RU,reference,,
441967.conn,3.5087719298,RU,reference,,
476588.conn,0,RU,reference,,
508291.conn,0,RU,reference,,
518236.conn,4.1666666667,RU,reference,,
527964.conn,0,RU,reference,,
527893.conn,2.7586206897,RU,reference,,
509767.conn,2.1126760563,RU,reference,,
461639.conn,1.724137931,RU,reference,,
509769.conn,1.1428571429,RU,reference,,
513380.conn,2.9787234043,RU,reference,,
509770.conn,5.6818181818,RU,reference,,
509716.conn,0.8196721311,RU,reference,,
511923.conn,8.7719298246,RU,reference,,
476586.conn,2.7972027972,RU,reference,,
513242.conn,6.976744186,RU,reference,,
518128.conn,0,RU,reference,,
509682.conn,8.6206896552,RU,reference,,
507696.conn,0.5813953488,RU,reference,,
476657.conn,6.4285714286,RU,reference,,
istori02.conn,0.5076142132,RU,reference,,
509647.conn,3.2967032967,RU,reference,,
515820.conn,5.0505050505,RU,reference,,
512058.conn,5.1282051282,RU,reference,,
518148.conn,0.9090909091,RU,reference,,
473379.conn,1.6949152542,RU,reference,,
508198.conn,0,RU,reference,,
508295.conn,3.7037037037,RU,reference,,
520473.conn,2.5157232704,RU,reference,,
511399.conn,1.4851485149,RU,reference,,
515917.conn,13.6363636364,RU,reference,,
508326.conn,0,RU,reference,,
509752.conn,6.7796610169,RU,reference,,
512022.conn,1.6129032258,RU,reference,,
476658.conn,4.1666666667,RU,reference,,
527923.conn,0,RU,reference,,
509652.conn,7.5,RU,reference,,
485570.conn,0,RU,reference,,
516228.conn,0,RU,reference,,
516223.conn,9.2024539877,RU,reference,,
512084.conn,0.9389671362,RU,reference,,
461637.conn,3.5714285714,RU,reference,,
519485.conn,1.3574660633,RU,reference,,
450503.conn,5.4054054054,RU,reference,,
504810.conn,2.4390243902,RU,reference,,
516215.conn,1.724137931,RU,reference,,
509796.conn,3.4482758621,RU,reference,,
513382.conn,4.9382716049,RU,reference,,
518162.conn,4.0540540541,RU,reference,,
508379.conn,0,RU,reference,,
516211.conn,2.2099447514,RU,reference,,
519481.conn,5.1724137931,RU,reference,,
508246.conn,2.8169014085,RU,reference,,
443057.conn,2.0408163265,RU,reference,,
510137.conn,8.8888888889,RU,reference,,
504809.conn,0,RU,reference,,
515855.conn,2.0202020202,RU,reference,,
509793.conn,0,RU,reference,,
519460.conn,4.0816326531,RU,reference,,
476512.conn,0,RU,reference,,
516252.conn,7.2289156627,RU,reference,,
507753.conn,1.6666666667,RU,reference,,
513417.conn,0,RU,reference,,
516202.conn,0,RU,reference,,
516939.conn,13.5135135135,RU,reference,,
518279.conn,5.6603773585,RU,reference,,
509601.conn,0,RU,reference,,
509738.conn,6.1224489796,RU,reference,,
526233.conn,3.8461538462,RU,reference,,
520532.conn,0,RU,reference,,
518184.conn,5.6451612903,RU,reference,,
516952.conn,2.8571428571,RU,reference,,
509612.conn,10.4166666667,RU,reference,,
516194.conn,2.8169014085,RU,reference,,
511965.conn,2.8571428571,RU,reference,,
526163.conn,3.1914893617,RU,reference,,
526237.conn,4,RU,reference,,
485460.conn,3.4090909091,RU,reference,,
515867.conn,0.6622516556,RU,reference,,
518196.conn,2.2222222222,RU,reference,,
519367.conn,0,RU,reference,,
527985.conn,0,RU,reference,,
476597.conn,1.5151515152,RU,reference,,
508333.conn,0,RU,reference,,
485450.conn,3.7037037037,RU,reference,,
511354.conn,6.6666666667,RU,reference,,
509602.conn,4.7619047619,RU,reference,,
480350.conn,4.8780487805,RU,reference,,
516276.conn,5.527638191,RU,reference,,
510506.conn,15,RU,reference,,
509774.conn,3.0434782609,RU,reference,,
516914.conn,1.593625498,RU,reference,,
442677.conn,3.9215686275,RU,reference,,
509800.conn,5.7471264368,RU,reference,,
461646.conn,1.0810810811,RU,reference,,
450567.conn,6.25,RU,reference,,
508373.conn,15.5405405405,RU,reference,,
473386.conn,0.7194244604,RU,reference,,
477149.conn,1.0256410256,RU,reference,,
508250.conn,4.5045045045,RU,reference,,
512049.conn,0,RU,reference,,
518288.conn,0,RU,reference,,
500250.conn,3.9215686275,RU,reference,,
526235.conn,3.0927835052,RU,reference,,
508236.conn,1.8867924528,RU,reference,,
509683.conn,0,RU,reference,,
510121.conn,0,RU,reference,,
519375.conn,0,RU,reference,,
518208.conn,0,RU,reference,,
509760.conn,2.2727272727,RU,reference,,
liza1653.conn,1,RU,reference,,
461631.conn,3.3783783784,RU,reference,,
509658.conn,1.5957446809,RU,reference,,
509725.conn,2.2727272727,RU,reference,,
510502.conn,2.0833333333,RU,reference,,
509660.conn,0,RU,reference,,
516934.conn,3.6144578313,RU,reference,,
518166.conn,0,RU,reference,,
527986.conn,6.6666666667,RU,reference,,
515890.conn,2.2471910112,RU,reference,,
509684.conn,7.1428571429,RU,reference,,
527982.conn,0,RU,reference,,
477141.conn,2.5641025641,RU,reference,,
461638.conn,4.5977011494,RU,reference,,
508287.conn,2.5723472669,RU,reference,,
liniya03.conn,0,RU,reference,,
480345.conn,0,RU,reference,,
509695.conn,1.5625,RU,reference,,
485466.conn,1.3392857143,RU,reference,,
442299.conn,3.5714285714,RU,reference,,
480366.conn,0.8064516129,RU,reference,,
480675.conn,14.0350877193,RU,reference,,
516901.conn,9.3023255814,RU,reference,,
450552.conn,4.8309178744,RU,reference,,
508344.conn,1.1764705882,RU,reference,,
519421.conn,3.4013605442,RU,reference,,
509653.conn,1.5625,RU,reference,,
516292.conn,3.4482758621,RU,reference,,
516953.conn,0.5813953488,RU,reference,,
442667.conn,4.9180327869,RU,reference,,
507672.conn,1.8292682927,RU,reference,,
527971.conn,0,RU,reference,,
519457.conn,0,RU,reference,,
515902.conn,1.7543859649,RU,reference,,
510456.conn,6.0606060606,RU,reference,,
511959.conn,7.2727272727,RU,reference,,
509735.conn,0.9900990099,RU,reference,,
512095.conn,0.5464480874,RU,reference,,
516285.conn,4.0816326531,RU,reference,,
520470.conn,2.7777777778,RU,reference,,
519442.conn,0.9090909091,RU,reference,,
480691.conn,3.9473684211,RU,reference,,
518075.conn,2.1276595745,RU,reference,,
511999.conn,19.512195122,RU,reference,,
480368.conn,2.0618556701,RU,reference,,
509705.conn,0,RU,reference,,
526196.conn,3.6144578313,RU,reference,,
512054.conn,2.2727272727,RU,reference,,
510515.conn,0,RU,reference,,
521321.conn,3.4482758621,RU,reference,,
516289.conn,4,RU,reference,,
476655.conn,0,RU,reference,,
480372.conn,0,RU,reference,,
513410.conn,5.4054054054,RU,reference,,
526130.conn,7.3170731707,RU,reference,,
512027.conn,1.7543859649,RU,reference,,
518180.conn,5.2631578947,RU,reference,,
518218.conn,0,RU,reference,,
510458.conn,8.843537415,RU,reference,,
508298.conn,2.1406727829,RU,reference,,
istori10.conn,0,RU,reference,,
518267.conn,2.0689655172,RU,reference,,
526113.conn,3.75,RU,reference,,
516269.conn,3.1413612565,RU,reference,,
461629.conn,0,RU,reference,,
509692.conn,0,RU,reference,,
516284.conn,7.3619631902,RU,reference,,
509575.conn,2.3771790808,RU,reference,,
485437.conn,7.4626865672,RU,reference,,
527898.conn,0,RU,reference,,
516272.conn,3.125,RU,reference,,
516210.conn,3.7735849057,RU,reference,,
476608.conn,0,RU,reference,,
507870.conn,0,RU,reference,,
447931.conn,0,RU,reference,,
516248.conn,0,RU,reference,,
519474.conn,0,RU,reference,,
513423.conn,4.5045045045,RU,reference,,
510462.conn,0,RU,reference,,
516261.conn,0,RU,reference,,
476734.conn,0.9259259259,RU,reference,,
511963.conn,0,RU,reference,,
526239.conn,5.2631578947,RU,reference,,
509623.conn,8.3333333333,RU,reference,,
504818.conn,6.0240963855,RU,reference,,
513308.conn,0,RU,reference,,
501641.conn,2.2727272727,RU,reference,,
504817.conn,2.7586206897,RU,reference,,
518129.conn,0,RU,reference,,
516240.conn,2.0833333333,RU,reference,,
507669.conn,13.1147540984,RU,reference,,
519466.conn,3.8461538462,RU,reference,,
516917.conn,0,RU,reference,,
485439.conn,0,RU,reference,,
515836.conn,0,RU,reference,,
515862.conn,3.5087719298,RU,reference,,
485519.conn,1.2345679012,RU,reference,,
450451.conn,3.7037037037,RU,reference,,
480625.conn,3.2520325203,RU,reference,,
480352.conn,5.523255814,RU,reference,,
508251.conn,0,RU,reference,,
485449.conn,5.2631578947,RU,reference,,
509792.conn,0,RU,reference,,
511383.conn,4.6511627907,RU,reference,,
519482.conn,0,RU,reference,,
480690.conn,1.2658227848,RU,reference,,
512076.conn,2.0408163265,RU,reference,,
518189.conn,0,RU,reference,,
520617.conn,0,RU,reference,,
513307.conn,1.6666666667,RU,reference,,
480351.conn,5.7692307692,RU,reference,,
526160.conn,1.25,RU,reference,,
485462.conn,4.6357615894,RU,reference,,
518091.conn,0,RU,reference,,
516198.conn,0,RU,reference,,
480371.conn,0,RU,reference,,
434716.conn,2.2388059701,RU,reference,,
476642.conn,7.8947368421,RU,reference,,
528010.conn,2.8112449799,RU,reference,,
518163.conn,0.8620689655,RU,reference,,
516196.conn,1.8867924528,RU,reference,,
526127.conn,0,RU,reference,,
451255.conn,6.106870229,RU,reference,,
510469.conn,0.9661835749,RU,reference,,
518283.conn,2.0408163265,RU,reference,,
508253.conn,1.724137931,RU,reference,,
510448.conn,0,RU,reference,,
512069.conn,1.5873015873,RU,reference,,
519454.conn,4.1095890411,RU,reference,,
461640.conn,2.1897810219,RU,reference,,
istori17.conn,7.5757575758,RU,reference,,
509585.conn,0,RU,reference,,
516277.conn,2.0833333333,RU,reference,,
515868.conn,5.306122449,RU,reference,,
516195.conn,8.9552238806,RU,reference,,
515858.conn,1.3157894737,RU,reference,,
518145.conn,9.0909090909,RU,reference,,
520582.conn,1.1904761905,RU,reference,,
508299.conn,3.2258064516,RU,reference,,
516232.conn,3.0303030303,RU,reference,,
507845.conn,3.5820895522,RU,reference,,
442654.conn,3.6144578313,RU,reference,,
515916.conn,3.3333333333,RU,reference,,
520618.conn,2.4390243902,RU,reference,,
509608.conn,0,RU,reference,,
508208.conn,2.4390243902,RU,reference,,
526243.conn,0,RU,reference,,
509785.conn,1.2195121951,RU,reference,,
512035.conn,1.6949152542,RU,reference,,
515826.conn,2.5477707006,RU,reference,,
510443.conn,0.3048780488,RU,reference,,
515827.conn,0,RU,reference,,
480627.conn,0.9174311927,RU,reference,,
518159.conn,3.6231884058,RU,reference,,
526159.conn,0,RU,reference,,
520468.conn,1.2820512821,RU,reference,,
507797.conn,3.6363636364,RU,reference,,
511937.conn,9.0909090909,RU,reference,,
520542.conn,7.2727272727,RU,reference,,
485456.conn,2.331002331,RU,reference,,
518209.conn,0.5952380952,RU,reference,,
520474.conn,10.5263157895,RU,reference,,
507735.conn,5.3846153846,RU,reference,,
485514.conn,1.6129032258,RU,reference,,
510474.conn,0,RU,reference,,
510218.conn,2.6315789474,RU,reference,,
509737.conn,1.9230769231,RU,reference,,
515871.conn,0.4608294931,RU,reference,,
504820.conn,4.5197740113,RU,reference,,
519435.conn,6.25,RU,reference,,
512087.conn,1.5384615385,RU,reference,,
526135.conn,0,RU,reference,,
516944.conn,0,RU,reference,,
512041.conn,2,RU,reference,,
518221.conn,2.8037383178,RU,reference,,
476502.conn,0,RU,reference,,
509718.conn,6.8965517241,RU,reference,,
485496.conn,1.6447368421,RU,reference,,
509754.conn,1.4705882353,RU,reference,,
513457.conn,1.8633540373,RU,reference,,
509621.conn,2.1428571429,RU,reference,,
504800.conn,8.6956521739,RU,reference,,
516931.conn,7.3170731707,RU,reference,,
512006.conn,1.4492753623,RU,reference,,
518253.conn,0,RU,reference,,
527965.conn,2.4096385542,RU,reference,,
516932.conn,2.1276595745,RU,reference,,
507812.conn,1.8766756032,RU,reference,,
485493.conn,0.4504504505,RU,reference,,
515889.conn,0,RU,reference,,
511308.conn,2.5862068966,RU,reference,,
516267.conn,0,RU,reference,,
516222.conn,5.5172413793,RU,reference,,
520650.conn,4.3103448276,RU,reference,,
473376.conn,2.8571428571,RU,reference,,
516892.conn,7.4074074074,RU,reference,,
513401.conn,0,RU,reference,,
512089.conn,2.9411764706,RU,reference,,
526145.conn,4.4444444444,RU,reference,,
516206.conn,0,RU,reference,,
520658.conn,0,RU,reference,,
480692.conn,0,RU,reference,,
510097.conn,0,RU,reference,,
450532.conn,4.5454545455,RU,reference,,
511366.conn,2.1428571429,RU,reference,,
518115.conn,1.5325670498,RU,reference,,
510152.conn,3.2142857143,RU,reference,,
516274.conn,6,RU,reference,,
520661.conn,2.3728813559,RU,reference,,
chu11.conn,2.2471910112,RU,reference,,
476610.conn,0.7407407407,RU,reference,,
518261.conn,2.1276595745,RU,reference,,
513248.conn,1.0416666667,RU,reference,,
509753.conn,0.5681818182,RU,reference,,
516199.conn,2.8169014085,RU,reference,,
519428.conn,4.4117647059,RU,reference,,
515875.conn,4.6511627907,RU,reference,,
511981.conn,2.9411764706,RU,reference,,
507818.conn,10.3448275862,RU,reference,,
515869.conn,1.0309278351,RU,reference,,
451258.conn,2.614379085,RU,reference,,
516893.conn,8.7719298246,RU,reference,,
519400.conn,0,RU,reference,,
512042.conn,1.1494252874,RU,reference,,
509721.conn,8.8888888889,RU,reference,,
516929.conn,0,RU,reference,,
526138.conn,0.5347593583,RU,reference,,
526157.conn,9.6153846154,RU,reference,,
509591.conn,5.6603773585,RU,reference,,
511992.conn,6.976744186,RU,reference,,
500260.conn,0.7352941176,RU,reference,,
513259.conn,2.1739130435,RU,reference,,
485471.conn,6.7164179104,RU,reference,,
516912.conn,6.7796610169,RU,reference,,
528009.conn,0,RU,reference,,
510488.conn,0,RU,reference,,
512010.conn,0,RU,reference,,
476730.conn,2.7397260274,RU,reference,,
476947.conn,3.2258064516,RU,reference,,
518237.conn,2.8037383178,RU,reference,,
500228.conn,1.5873015873,RU,reference,,
450506.conn,0,RU,reference,,
515919.conn,1.6949152542,RU,reference,,
516273.conn,3.2710280374,RU,reference,,
509563.conn,0,RU,reference,,
518109.conn,4.9668874172,RU,reference,,
509762.conn,0.8928571429,RU,reference,,
518284.conn,2.8571428571,RU,reference,,
518118.conn,5.0847457627,RU,reference,,
513288.conn,3.007518797,RU,reference,,
518099.conn,3.3898305085,RU,reference,,
516189.conn,2.752293578,RU,reference,,
451166.conn,2.3622047244,RU,reference,,
20050829.conn,1.0752688172,RU,reference,,
515819.conn,0,RU,reference,,
